date,0,1,2,3,4,5,6,7,8,9,10,11,12,13,14,15,16,17,18,19,20,21,22,23,24,25,26,27,28,29,30,31,32,33,34,35,36,37,38,39,40,41,42,43,44,45,46,47,48,49
2013-04-01,126115.33333333333,129726.0,119326.33333333333,136613.33333333334,0.0,124960.66666666667,108027.0,100073.83333333333,120720.33333333333,0.0,117223.16666666667,26322.833333333332,0.0,107905.83333333333,109492.5,0.0,104691.83333333333,102731.0,101437.83333333333,101607.33333333333,56091.166666666664,44959.5,45499.166666666664,44747.333333333336,45143.833333333336,0.0,0.0,0.0,48391.166666666664,87759.16666666667,88622.66666666667,79880.83333333333,77543.0,72824.5,13736.0,72743.66666666667,19909.833333333332,54553.0,56922.666666666664,61941.666666666664,50088.333333333336,64323.666666666664,0.0,0.0,64332.5,50071.333333333336,46863.333333333336,65984.83333333333,50243.166666666664,61143.166666666664
2013-05-01,134055.5,135944.66666666666,132896.33333333334,143976.0,0.0,130708.83333333333,107114.0,112117.0,130588.66666666667,0.0,123605.5,34631.0,0.0,117197.0,93875.66666666667,0.0,109875.5,103378.5,108959.16666666667,108358.0,65464.0,51424.333333333336,53278.5,51467.333333333336,51574.333333333336,0.0,0.0,0.0,54375.333333333336,93713.33333333333,95183.16666666667,87445.83333333333,83508.66666666667,79768.0,28986.166666666668,82263.0,27053.166666666668,66361.5,66452.83333333333,68940.16666666667,61225.166666666664,71969.5,0.0,0.0,71701.33333333333,60084.5,56763.833333333336,73064.66666666667,60278.166666666664,68935.16666666667
2013-06-01,142749.66666666666,147301.83333333334,142064.83333333334,153038.83333333334,0.0,136656.5,106820.83333333333,125393.33333333333,135168.0,0.0,132779.16666666666,47588.833333333336,0.0,123253.33333333333,63037.333333333336,0.0,118405.5,99842.83333333333,116517.66666666667,116254.16666666667,78072.66666666667,60590.166666666664,59598.166666666664,60921.833333333336,59892.166666666664,0.0,0.0,0.0,63279.833333333336,101455.5,101545.16666666667,95162.33333333333,89238.33333333333,86787.83333333333,52248.833333333336,88714.83333333333,38812.5,76988.0,77167.5,78673.66666666667,68649.5,79724.83333333333,0.0,0.0,80650.16666666667,71266.0,63944.833333333336,82234.66666666667,72304.5,75364.83333333333
2013-07-01,145263.0,150434.16666666666,147801.83333333334,153277.66666666666,0.0,142260.5,102874.5,135932.33333333334,138760.66666666666,0.0,135863.66666666666,54097.0,0.0,131044.16666666667,65771.66666666667,0.0,121719.0,87528.33333333333,124509.5,120441.5,83425.5,75065.16666666667,73160.16666666667,70121.16666666667,69970.5,0.0,0.0,0.0,69636.33333333333,106813.16666666667,107569.66666666667,99097.33333333333,85024.5,95353.33333333333,70758.16666666667,94854.83333333333,46966.833333333336,88166.16666666667,88890.0,84737.0,76822.66666666667,84068.33333333333,0.0,0.0,82666.83333333333,76207.0,75880.66666666667,88615.33333333333,77907.16666666667,80181.5
2013-08-01,145873.16666666666,153132.83333333334,150824.33333333334,155619.5,0.0,143845.33333333334,97644.66666666667,143018.83333333334,145502.0,0.0,112767.0,63013.166666666664,0.0,131518.0,66011.83333333333,0.0,121768.66666666667,77106.5,123002.83333333333,122118.5,88988.83333333333,92303.66666666667,86069.66666666667,81221.66666666667,79623.5,0.0,0.0,0.0,80253.16666666667,109231.0,110831.0,104137.0,74039.83333333333,94812.66666666667,84764.83333333333,100138.5,51214.666666666664,91631.0,87878.16666666667,86055.66666666667,80315.83333333333,85630.5,0.0,0.0,91263.83333333333,78936.66666666667,79143.83333333333,91237.5,84007.5,83993.16666666667
2013-09-01,142057.5,144309.16666666666,145463.0,146266.16666666666,0.0,133783.33333333334,83739.0,135345.66666666666,139478.5,0.0,59673.5,59682.833333333336,0.0,126071.16666666667,61597.666666666664,0.0,111584.66666666667,62857.5,117310.83333333333,117623.33333333333,84365.0,95998.33333333333,95406.0,88920.0,84849.83333333333,0.0,0.0,0.0,81159.5,104234.5,99597.33333333333,97941.16666666667,61922.333333333336,86549.5,82554.16666666667,93194.5,45807.5,87254.66666666667,81866.66666666667,79338.16666666667,75185.5,78891.33333333333,0.0,0.0,79233.33333333333,75603.83333333333,70922.0,84686.33333333333,76245.66666666667,75122.16666666667
2013-10-01,138343.0,132232.83333333334,142859.66666666666,135362.66666666666,0.0,122638.16666666667,73190.83333333333,136016.83333333334,131022.16666666667,0.0,50777.333333333336,57616.333333333336,0.0,119101.0,59221.5,0.0,104218.5,56741.333333333336,108599.16666666667,111669.33333333333,81385.5,100606.33333333333,100229.5,92052.33333333333,91009.0,0.0,0.0,0.0,83350.33333333333,98334.5,91772.16666666667,91916.16666666667,54953.833333333336,81486.0,81569.66666666667,90303.0,43820.833333333336,82792.0,78668.16666666667,74767.0,71125.16666666667,75624.83333333333,0.0,0.0,76849.83333333333,71674.16666666667,69832.0,78827.83333333333,71452.66666666667,72324.83333333333
2013-11-01,128224.5,89721.0,131033.0,118210.0,0.0,99974.83333333333,60338.666666666664,127300.33333333333,121749.66666666667,0.0,42506.166666666664,53957.333333333336,0.0,101924.16666666667,58423.333333333336,0.0,88837.33333333333,48790.5,82495.16666666667,102170.16666666667,75472.5,95909.83333333333,93714.66666666667,89233.33333333333,87705.5,0.0,0.0,0.0,79539.83333333333,88433.5,76200.83333333333,82183.83333333333,45884.833333333336,62456.0,75444.33333333333,77656.0,37162.333333333336,73860.33333333333,69921.5,65795.5,62987.5,66805.5,0.0,0.0,65639.33333333333,62594.0,60985.333333333336,69819.83333333333,63821.666666666664,61523.0
2013-12-01,121736.33333333333,50884.0,126010.16666666667,100435.83333333333,0.0,79784.0,51637.333333333336,122794.16666666667,116353.0,0.0,36910.0,52021.833333333336,0.0,74015.5,66878.0,0.0,79192.0,41861.5,55441.166666666664,97065.0,71583.66666666667,92824.5,90705.83333333333,88404.83333333333,84242.5,0.0,0.0,0.0,79100.83333333333,83805.66666666667,62481.833333333336,77821.83333333333,40433.0,38108.833333333336,70223.66666666667,73074.5,34163.333333333336,68902.16666666667,66245.0,58840.166666666664,57773.666666666664,60189.666666666664,0.0,0.0,60430.5,57934.833333333336,57477.333333333336,63176.0,58501.666666666664,55771.5
2014-01-01,116652.66666666667,35856.833333333336,121752.0,81271.33333333333,0.0,60793.666666666664,45085.833333333336,119652.66666666667,111904.0,0.0,34708.0,51272.666666666664,0.0,47097.5,76979.66666666667,0.0,69262.83333333333,39914.166666666664,39808.5,92350.16666666667,69444.66666666667,90088.0,87393.33333333333,85776.33333333333,81948.5,0.0,0.0,0.0,76613.5,78948.0,50472.0,73115.83333333333,36032.833333333336,31944.333333333332,66437.16666666667,69176.33333333333,31559.5,64376.5,62201.833333333336,47869.0,53814.0,54696.166666666664,0.0,0.0,55076.0,53582.166666666664,54340.833333333336,58114.666666666664,54716.0,51655.166666666664
2014-02-01,117354.0,35502.5,123290.83333333333,68486.66666666667,0.0,51288.833333333336,44233.333333333336,121491.5,113560.83333333333,0.0,46173.666666666664,56644.833333333336,0.0,40261.0,88108.33333333333,0.0,65151.666666666664,53183.333333333336,38643.166666666664,93052.16666666667,71949.0,91964.83333333333,88784.33333333333,88036.66666666667,84413.16666666667,0.0,0.0,0.0,79037.66666666667,79702.66666666667,45960.5,74921.83333333333,37796.166666666664,32874.0,68206.83333333333,70546.83333333333,35327.833333333336,66405.16666666667,64065.833333333336,38914.5,54606.0,53269.666666666664,0.0,0.0,56334.666666666664,55489.5,57255.333333333336,57313.0,56511.833333333336,52489.833333333336
2014-03-01,120449.5,39886.333333333336,128166.66666666667,61109.0,0.0,50133.833333333336,48084.666666666664,126874.33333333333,117072.16666666667,0.0,67943.66666666667,64751.333333333336,0.0,43677.333333333336,99117.83333333333,0.0,64300.666666666664,75450.66666666667,42631.0,97826.16666666667,78163.0,98193.33333333333,93775.16666666667,93617.16666666667,89617.0,0.0,0.0,0.0,83674.5,84735.66666666667,48400.666666666664,78589.5,42101.166666666664,38090.666666666664,72733.0,75405.33333333333,41824.833333333336,70856.83333333333,69537.0,39166.333333333336,60132.5,53641.166666666664,0.0,0.0,61071.333333333336,60272.833333333336,62648.166666666664,57544.833333333336,61494.166666666664,56290.5
2014-04-01,123123.66666666667,43311.666666666664,132582.33333333334,56865.666666666664,0.0,69325.0,51572.666666666664,132477.0,122481.16666666667,0.0,88762.33333333333,72695.83333333333,0.0,46902.166666666664,106745.33333333333,0.0,64286.666666666664,93701.66666666667,47467.333333333336,102045.16666666667,84894.83333333333,101543.66666666667,99007.5,96743.0,94519.16666666667,0.0,0.0,0.0,88343.0,90061.16666666667,59720.0,83328.16666666667,46873.166666666664,43467.0,77163.33333333333,78930.83333333333,48569.666666666664,74467.16666666667,75014.66666666667,43588.333333333336,64922.5,51042.833333333336,0.0,0.0,63681.5,65754.66666666667,68025.66666666667,57846.166666666664,65311.333333333336,59874.5
2014-05-01,123968.16666666667,49120.833333333336,137218.0,57497.333333333336,0.0,103228.33333333333,63610.0,137892.16666666666,127529.66666666667,0.0,105535.66666666667,78711.66666666667,0.0,53461.5,114605.83333333333,0.0,64663.333333333336,104959.16666666667,53873.333333333336,106800.33333333333,90563.0,108421.0,104622.83333333333,102729.66666666667,97713.66666666667,0.0,0.0,0.0,94617.0,94668.33333333333,79838.66666666667,87145.0,57186.333333333336,52303.166666666664,81517.5,83367.16666666667,56649.166666666664,80923.5,77484.16666666667,47579.0,69801.5,50925.333333333336,0.0,0.0,69065.16666666667,69505.33333333333,74746.33333333333,57953.166666666664,73371.16666666667,64390.833333333336
2014-06-01,125479.66666666667,54496.0,143677.83333333334,87663.66666666667,0.0,126855.16666666667,130927.16666666667,147445.5,137070.66666666666,0.0,123617.66666666667,91261.16666666667,0.0,60596.833333333336,123666.33333333333,0.0,69694.16666666667,117325.5,63066.166666666664,115478.16666666667,99356.66666666667,114134.33333333333,110579.16666666667,110564.66666666667,107671.66666666667,0.0,0.0,0.0,102617.5,102297.83333333333,96323.0,95110.83333333333,71762.16666666667,68224.5,86238.0,90936.83333333333,62719.166666666664,90041.83333333333,86863.66666666667,54452.0,77014.16666666667,56176.333333333336,0.0,0.0,76016.83333333333,77815.83333333333,85044.33333333333,62003.833333333336,80247.5,71682.16666666667
2014-07-01,118868.0,62720.166666666664,149762.83333333334,133662.66666666666,0.0,137155.83333333334,154941.66666666666,147886.16666666666,138620.0,0.0,129802.0,99582.66666666667,0.0,64636.0,129050.33333333333,0.0,69603.16666666667,124040.83333333333,63359.166666666664,122282.16666666667,104542.33333333333,118096.33333333333,113762.0,116118.66666666667,109395.83333333333,0.0,0.0,0.0,107350.16666666667,107929.5,105193.5,100897.66666666667,80323.33333333333,77971.83333333333,84153.83333333333,92808.16666666667,71884.66666666667,91577.33333333333,92744.16666666667,58890.666666666664,83742.83333333333,59863.333333333336,0.0,0.0,82862.66666666667,84010.0,91248.16666666667,67047.33333333333,83341.66666666667,73298.16666666667
2014-08-01,111272.0,66707.83333333333,150110.0,151092.83333333334,0.0,142196.5,156277.0,152278.5,143025.0,0.0,135413.83333333334,104801.5,0.0,66150.5,133780.16666666666,0.0,69112.16666666667,124983.0,67385.33333333333,121314.16666666667,106113.0,116680.83333333333,119708.16666666667,114566.16666666667,113371.5,0.0,0.0,0.0,107878.33333333333,108273.0,105307.66666666667,103287.66666666667,92133.33333333333,89070.5,77051.33333333333,88488.5,73471.16666666667,92298.66666666667,93975.83333333333,60022.666666666664,84480.83333333333,61134.833333333336,0.0,0.0,79708.66666666667,85004.33333333333,92847.16666666667,67439.0,84609.66666666667,77660.5
2014-09-01,91826.83333333333,69306.16666666667,144383.0,148331.83333333334,0.0,134865.0,148337.5,142269.0,132580.0,0.0,126705.66666666667,99185.0,0.0,60270.5,123188.5,0.0,61685.166666666664,118008.83333333333,67314.5,112820.0,102212.16666666667,93478.33333333333,107408.66666666667,99360.16666666667,104812.33333333333,0.0,0.0,0.0,100768.5,99076.83333333333,101531.5,95120.83333333333,84595.83333333333,83145.66666666667,61694.166666666664,70659.0,69867.83333333333,85906.16666666667,87487.5,54064.833333333336,78450.0,53809.5,0.0,0.0,68434.16666666667,77552.83333333333,86473.16666666667,62526.0,76161.33333333333,66608.33333333333
2014-10-01,76882.5,87385.5,139453.16666666666,147267.16666666666,0.0,134997.33333333334,146115.16666666666,140185.0,128673.66666666667,0.0,126287.5,98444.83333333333,0.0,72007.0,119185.66666666667,0.0,56544.0,114193.33333333333,77161.66666666667,108081.66666666667,100354.5,67941.16666666667,101560.66666666667,76790.0,102396.0,0.0,0.0,0.0,95748.5,97526.83333333333,98406.5,88844.83333333333,83818.0,79573.16666666667,56075.0,62572.0,65620.33333333333,83790.16666666667,80445.5,50801.666666666664,74241.16666666667,50980.0,0.0,0.0,65860.16666666667,72835.0,81480.33333333333,58481.5,74204.66666666667,59888.166666666664
2014-11-01,61716.0,100625.0,134009.5,139197.33333333334,0.0,126734.0,137620.16666666666,134330.33333333334,120984.83333333333,0.0,118993.5,94396.0,0.0,78294.5,112857.16666666667,0.0,50689.166666666664,107574.33333333333,83775.83333333333,101776.16666666667,93484.33333333333,50776.833333333336,86836.16666666667,54133.666666666664,95484.33333333333,0.0,0.0,0.0,90268.83333333333,90963.66666666667,90904.5,84768.5,78922.33333333333,74196.16666666667,51000.666666666664,50309.666666666664,61762.0,76251.5,75526.83333333333,47515.666666666664,67573.5,49694.666666666664,0.0,0.0,57341.333333333336,67088.5,76601.83333333333,56052.333333333336,68194.33333333333,52734.666666666664
2014-12-01,47081.666666666664,106301.5,125495.83333333333,131756.33333333334,0.0,119214.66666666667,130655.66666666667,126419.66666666667,113349.16666666667,0.0,111254.66666666667,88504.16666666667,0.0,84109.16666666667,104559.16666666667,0.0,42079.333333333336,101005.83333333333,84780.33333333333,92572.33333333333,86730.16666666667,40390.833333333336,65966.5,40985.166666666664,87476.0,0.0,0.0,0.0,83063.83333333333,81951.5,82628.0,76820.0,71369.0,67251.83333333333,42483.0,41367.833333333336,55249.333333333336,68731.16666666667,68765.66666666667,45222.833333333336,59570.166666666664,48494.0,0.0,0.0,46681.0,59953.666666666664,68972.5,53346.5,60622.5,43153.833333333336
2015-01-01,41868.0,113949.66666666667,123508.5,130266.16666666667,0.0,116993.33333333333,128922.66666666667,125118.16666666667,110661.66666666667,0.0,109965.16666666667,89050.0,0.0,91677.5,103043.66666666667,0.0,64171.833333333336,99230.0,88293.0,89071.16666666667,86074.16666666667,38049.333333333336,50765.333333333336,38174.5,82168.16666666667,0.0,0.0,0.0,80632.5,80276.16666666667,80945.33333333333,74879.33333333333,69843.33333333333,65967.83333333333,41196.833333333336,39247.0,54666.166666666664,67128.33333333333,67059.66666666667,49063.833333333336,58018.166666666664,52430.0,0.0,0.0,43950.666666666664,58075.5,67776.66666666667,56190.166666666664,58717.166666666664,39742.5
2015-02-01,39874.833333333336,119164.33333333333,123734.16666666667,130513.16666666667,0.0,117814.0,129279.0,125416.66666666667,109493.66666666667,0.0,110219.33333333333,91389.83333333333,0.0,97436.0,103282.83333333333,0.0,96001.66666666667,99544.0,91893.5,87693.0,87205.0,38671.833333333336,43573.833333333336,38402.333333333336,51339.833333333336,0.0,0.0,0.0,66959.33333333333,79981.83333333333,82006.0,75141.16666666667,70326.83333333333,66719.83333333333,41551.333333333336,39883.333333333336,56629.166666666664,67392.16666666667,67412.5,53585.166666666664,58607.666666666664,55748.166666666664,0.0,0.0,42423.333333333336,58501.5,68509.66666666667,59038.5,59390.333333333336,38696.666666666664
2015-03-01,42679.833333333336,125868.5,128046.16666666667,134764.0,0.0,121589.33333333333,133320.0,122823.66666666667,111797.66666666667,0.0,114378.16666666667,95761.5,0.0,104511.66666666667,107389.5,0.0,103497.33333333333,101516.66666666667,97552.16666666667,88486.33333333333,91591.16666666667,42591.666666666664,43669.833333333336,41861.833333333336,42837.833333333336,0.0,0.0,0.0,46882.0,83330.66666666667,85053.0,79862.5,74466.16666666667,70876.5,45245.166666666664,43260.166666666664,61026.166666666664,71290.33333333333,71507.5,59320.0,62492.333333333336,60930.833333333336,0.0,0.0,45458.0,62572.166666666664,73813.0,64928.833333333336,62761.333333333336,42186.0
2015-04-01,49815.333333333336,134580.83333333334,133884.83333333334,142590.0,0.0,129236.5,141336.33333333334,88887.5,116930.66666666667,0.0,123176.33333333333,104525.83333333333,0.0,113516.0,114867.33333333333,0.0,111092.0,106678.5,105622.16666666667,93749.33333333333,100042.83333333333,49325.5,50070.5,50228.5,49208.166666666664,0.0,0.0,0.0,53389.166666666664,89959.16666666667,92642.5,86225.5,82035.5,77613.0,53502.333333333336,52434.0,69565.16666666667,79190.33333333333,79055.66666666667,68690.16666666667,69071.5,70159.5,0.0,0.0,51386.333333333336,70168.66666666667,80634.0,71889.33333333333,70902.66666666667,50454.833333333336
2015-05-01,52269.5,140028.33333333334,135885.5,143770.16666666666,0.0,132315.33333333334,142763.33333333334,61173.666666666664,113461.0,0.0,125124.0,111501.66666666667,0.0,117535.16666666667,95782.83333333333,0.0,113876.83333333333,105555.16666666667,109188.0,90287.83333333333,105480.33333333333,52829.5,53112.833333333336,52472.666666666664,53287.833333333336,0.0,0.0,0.0,55857.0,95877.0,94857.33333333333,88083.5,83546.33333333333,80147.0,60666.833333333336,55234.166666666664,75135.83333333333,84027.83333333333,83023.66666666667,72154.16666666667,74549.33333333333,73295.0,0.0,0.0,55789.333333333336,73692.5,83221.33333333333,75357.83333333333,75103.16666666667,50781.5
2015-06-01,54655.833333333336,144241.33333333334,142016.16666666666,149429.33333333334,0.0,136875.66666666666,149792.33333333334,63102.333333333336,113710.5,0.0,128646.0,117143.66666666667,0.0,126317.16666666667,64678.166666666664,0.0,119835.33333333333,98554.16666666667,115329.0,88137.83333333333,110033.16666666667,60698.5,59446.833333333336,58994.5,57829.333333333336,0.0,0.0,0.0,60464.333333333336,94226.83333333333,101779.33333333333,96374.5,88946.66666666667,84648.33333333333,72427.33333333333,65352.0,80132.66666666667,87069.66666666667,85470.0,77246.33333333333,77606.33333333333,78346.16666666667,0.0,0.0,61307.5,78778.0,91017.16666666667,82461.5,79333.0,55996.833333333336
2015-07-01,63256.0,147948.83333333334,145998.33333333334,153694.66666666666,0.0,140120.16666666666,152580.66666666666,65110.5,116576.83333333333,0.0,133082.83333333334,124946.66666666667,0.0,130601.66666666667,66454.33333333333,0.0,127193.66666666667,87723.66666666667,118576.83333333333,89879.33333333333,115000.5,75280.16666666667,72708.5,67167.83333333333,67709.0,0.0,0.0,0.0,66893.0,101351.5,109090.83333333333,97567.83333333333,86987.0,93153.5,85451.5,74164.66666666667,83734.5,92934.5,90692.16666666667,83786.33333333333,86650.0,84049.0,0.0,0.0,66140.83333333333,83210.5,97878.33333333333,85272.33333333333,83684.33333333333,60973.0
2015-08-01,59958.166666666664,147045.33333333334,147807.66666666666,154247.5,0.0,140241.83333333334,154865.66666666666,73757.16666666667,109804.5,0.0,108837.33333333333,127185.5,0.0,128824.5,66466.33333333333,0.0,127353.0,76762.0,117789.66666666667,88461.5,118774.66666666667,86527.0,85813.33333333333,80502.83333333333,79565.16666666667,0.0,0.0,0.0,76263.33333333333,102803.16666666667,109703.16666666667,99946.16666666667,71414.66666666667,92475.66666666667,89327.0,77021.33333333333,88127.0,92169.33333333333,95073.0,86367.16666666667,86807.83333333333,85788.66666666667,0.0,0.0,66741.33333333333,82016.66666666667,101748.33333333333,89091.83333333333,84218.16666666667,64177.166666666664
2015-09-01,61003.666666666664,144025.83333333334,139233.33333333334,143113.5,0.0,131095.16666666666,145552.33333333334,72436.83333333333,91795.33333333333,0.0,57981.166666666664,121631.0,0.0,122049.0,58758.333333333336,0.0,121156.0,60976.0,116081.5,74376.0,112057.83333333333,93275.16666666667,92750.16666666667,85857.5,80992.0,0.0,0.0,0.0,77945.0,91756.83333333333,99574.5,92351.33333333333,58441.833333333336,87799.83333333333,86121.66666666667,73214.66666666667,82077.33333333333,86229.5,88761.16666666667,79464.83333333333,80320.16666666667,79476.16666666667,0.0,0.0,59595.0,78825.0,91866.33333333333,80817.83333333333,79274.83333333333,55113.666666666664
2015-10-01,69845.66666666667,125439.83333333333,129189.0,129965.66666666667,0.0,116675.16666666667,137854.16666666666,72116.5,76981.16666666667,0.0,47019.666666666664,112911.66666666667,0.0,114794.33333333333,54650.666666666664,0.0,111808.0,53488.0,103046.16666666667,63891.0,102225.0,95213.0,94319.33333333333,87390.83333333333,85300.5,0.0,0.0,0.0,77388.83333333333,79478.83333333333,87573.66666666667,82673.0,50748.0,78722.5,80610.83333333333,71617.0,73870.83333333333,79136.83333333333,79446.83333333333,71807.16666666667,69866.0,72159.83333333333,0.0,0.0,61451.5,71672.33333333333,84392.83333333333,72696.16666666667,71688.5,55245.333333333336
2015-11-01,93345.0,94049.0,125484.66666666667,122522.5,0.0,105682.66666666667,135711.83333333334,79479.0,71585.5,0.0,47141.666666666664,113795.0,0.0,106529.16666666667,63621.666666666664,0.0,112561.83333333333,51309.833333333336,88539.33333333333,60394.333333333336,103801.5,100383.33333333333,100207.0,94530.66666666667,92028.0,0.0,0.0,0.0,84259.5,79015.0,81040.0,81659.66666666667,50922.333333333336,67482.83333333333,80573.0,73344.33333333333,75515.16666666667,78592.16666666667,80888.16666666667,70693.0,71366.66666666667,70522.5,0.0,0.0,69135.66666666667,71517.5,86021.33333333333,73055.5,71394.0,65500.666666666664
2015-12-01,105127.0,53789.333333333336,114564.0,101707.33333333333,0.0,81657.16666666667,125081.33333333333,79205.83333333333,56440.333333333336,0.0,38802.0,107661.66666666667,0.0,75815.16666666667,69784.83333333333,0.0,103246.33333333333,43153.166666666664,57344.666666666664,48448.166666666664,96050.66666666667,95032.16666666667,92415.0,90117.5,86365.33333333333,0.0,0.0,0.0,80573.33333333333,67534.5,65113.166666666664,71159.16666666667,42544.833333333336,40785.166666666664,73782.16666666667,68352.33333333333,67643.33333333333,71234.5,71060.66666666667,60564.666666666664,62632.166666666664,62359.833333333336,0.0,0.0,63013.5,63018.0,76282.83333333333,65303.166666666664,64427.166666666664,58308.333333333336
2016-01-01,110132.66666666667,37639.0,105178.0,83011.5,0.0,62519.333333333336,116129.66666666667,82379.16666666667,46361.833333333336,0.0,36635.0,103767.33333333333,0.0,48775.166666666664,78400.66666666667,0.0,98348.5,41463.333333333336,41798.833333333336,42363.0,90972.33333333333,91915.66666666667,89033.16666666667,87448.5,83505.33333333333,0.0,0.0,0.0,78632.66666666667,58743.5,52196.5,63057.0,37532.333333333336,33958.166666666664,68863.66666666667,65043.666666666664,63114.0,65613.0,66857.83333333333,49569.333333333336,57635.333333333336,56689.5,0.0,0.0,57751.833333333336,57805.166666666664,71687.83333333333,59455.833333333336,58527.666666666664,53751.0
2016-02-01,115979.83333333333,36274.5,100179.5,68326.83333333333,0.0,52292.0,111952.33333333333,89774.66666666667,43171.166666666664,0.0,47165.0,103709.16666666667,0.0,41044.666666666664,88981.5,0.0,98446.66666666667,53392.5,39223.666666666664,40999.166666666664,91095.83333333333,93711.66666666667,89773.66666666667,88726.16666666667,84650.66666666667,0.0,0.0,0.0,79482.16666666667,55727.5,46661.833333333336,59711.5,38189.5,33651.666666666664,69138.0,66574.5,63364.0,65528.833333333336,66972.66666666667,39850.5,57726.5,54346.666666666664,0.0,0.0,57930.833333333336,57614.333333333336,71925.5,57616.833333333336,58621.0,53430.166666666664
2016-03-01,121707.66666666667,39567.0,98501.83333333333,60049.666666666664,0.0,49979.5,111236.16666666667,100666.83333333333,44902.833333333336,0.0,67747.16666666667,109031.16666666667,0.0,43100.833333333336,99204.83333333333,0.0,102209.33333333333,74950.16666666667,42805.166666666664,43663.666666666664,95349.0,97290.16666666667,92992.0,93403.0,89534.5,0.0,0.0,0.0,84187.83333333333,56811.333333333336,48289.166666666664,60093.666666666664,42334.5,37709.5,73239.83333333333,71168.66666666667,66739.33333333333,69054.66666666667,71037.66666666667,39634.666666666664,61874.166666666664,54118.666666666664,0.0,0.0,61795.166666666664,60998.5,76402.0,57639.666666666664,63606.166666666664,57695.5
2016-04-01,128758.66666666667,47535.833333333336,98226.66666666667,59405.0,0.0,70953.66666666667,110539.83333333333,112575.83333333333,47965.333333333336,0.0,92201.5,115344.0,0.0,50789.5,110065.5,0.0,107374.83333333333,95070.66666666667,49767.666666666664,51901.166666666664,101454.5,104535.0,100815.66666666667,99896.66666666667,98124.5,0.0,0.0,0.0,91778.66666666667,64463.833333333336,60910.5,64389.333333333336,49617.5,44642.0,80246.83333333333,79091.16666666667,75248.5,75483.33333333333,77037.66666666667,45751.0,68445.16666666667,55661.166666666664,0.0,0.0,68752.16666666667,70711.0,82920.16666666667,59543.333333333336,70753.16666666667,65380.0
2016-05-01,135507.83333333334,51604.166666666664,96473.66666666667,59906.0,0.0,103825.0,107756.5,121205.66666666667,52655.833333333336,0.0,108622.5,121633.33333333333,0.0,56498.166666666664,117254.83333333333,0.0,113123.5,108869.83333333333,53936.666666666664,53060.0,108814.33333333333,111244.16666666667,106174.16666666667,106021.83333333333,102243.16666666667,0.0,0.0,0.0,95590.66666666667,73257.66666666667,82888.5,65187.333333333336,57951.5,53728.666666666664,83601.66666666667,85711.33333333333,81575.16666666667,77937.0,81082.0,50326.333333333336,72288.0,54846.666666666664,0.0,0.0,74503.66666666667,74980.66666666667,90506.5,58714.833333333336,73477.83333333333,67381.66666666667
2016-06-01,143136.16666666666,54698.666666666664,92785.66666666667,87055.5,0.0,127965.5,107103.83333333333,131410.5,56257.666666666664,0.0,122847.66666666667,127975.66666666667,0.0,60430.666666666664,121209.16666666667,0.0,115472.5,116695.66666666667,60065.333333333336,60180.166666666664,113639.33333333333,114715.5,111481.33333333333,109831.66666666667,106904.0,0.0,0.0,0.0,100135.0,81005.0,95922.0,69551.33333333333,72472.33333333333,68057.5,89493.5,89228.66666666667,86189.16666666667,80726.0,89890.33333333333,54416.5,80115.66666666667,54549.5,0.0,0.0,80959.33333333333,79348.83333333333,93909.83333333333,63366.833333333336,80030.33333333333,76729.16666666667
2016-07-01,143206.0,59791.666666666664,91521.0,133187.33333333334,0.0,137586.66666666666,105508.83333333333,139345.83333333334,60842.0,0.0,131521.66666666666,132740.33333333334,0.0,68038.66666666667,127225.5,0.0,118184.5,123167.83333333333,63880.833333333336,61699.0,118900.5,118805.0,114180.16666666667,116144.0,114260.16666666667,0.0,0.0,0.0,110806.5,86353.33333333333,101851.66666666667,68842.33333333333,85130.83333333333,82191.0,86266.83333333333,95622.5,88052.0,83561.16666666667,90613.83333333333,59330.5,80235.16666666667,60682.833333333336,0.0,0.0,86784.5,83791.0,99208.5,68593.83333333333,80162.33333333333,81823.83333333333
2016-08-01,144334.66666666666,66512.5,85728.66666666667,150577.16666666666,0.0,144237.66666666666,96966.16666666667,144693.5,64167.5,0.0,138477.16666666666,135967.16666666666,0.0,66589.33333333333,128994.33333333333,0.0,119661.0,126333.16666666667,67939.33333333333,64881.666666666664,121710.16666666667,113372.66666666667,118122.5,115993.0,110124.16666666667,0.0,0.0,0.0,110390.83333333333,95446.33333333333,108541.83333333333,71368.66666666667,93220.5,84121.16666666667,76662.83333333333,101242.83333333333,92010.66666666667,79726.16666666667,93809.66666666667,60600.5,84095.0,59740.5,0.0,0.0,88145.33333333333,83932.5,101134.16666666667,69720.5,89700.5,82392.16666666667
2016-09-01,146376.5,77269.83333333333,80215.16666666667,153245.5,0.0,141221.16666666666,87568.0,142997.5,59222.166666666664,0.0,133023.5,128498.66666666667,0.0,65853.33333333333,127804.16666666667,0.0,114121.16666666667,124095.0,73129.33333333333,68995.0,117410.83333333333,100555.5,111895.0,105855.16666666667,112867.16666666667,0.0,0.0,0.0,105534.33333333333,92877.33333333333,106116.33333333333,68462.33333333333,88526.16666666667,88159.0,65833.0,95872.5,93168.83333333333,77311.5,86872.16666666667,58188.333333333336,82221.83333333333,58976.5,0.0,0.0,83220.66666666667,81465.0,97021.33333333333,66192.66666666667,80981.33333333333,77141.16666666667
2016-10-01,137521.66666666666,87440.16666666667,66017.16666666667,146863.83333333334,0.0,133014.83333333334,75100.5,137141.0,52589.833333333336,0.0,125824.16666666667,123913.83333333333,0.0,70511.0,118597.66666666667,0.0,102214.83333333333,115901.33333333333,77356.83333333333,64629.833333333336,108976.33333333333,67682.16666666667,100859.33333333333,77567.0,102775.16666666667,0.0,0.0,0.0,96770.16666666667,86115.83333333333,98130.33333333333,58746.5,83920.5,81504.0,57532.333333333336,87507.0,84258.66666666667,67524.0,81875.33333333333,51586.5,72581.5,52222.666666666664,0.0,0.0,72458.83333333333,71867.33333333333,89774.33333333333,58680.833333333336,74246.33333333333,70159.5
2016-11-01,128811.33333333333,99199.66666666667,55930.666666666664,139060.83333333334,0.0,126160.5,62723.833333333336,129842.0,49101.166666666664,0.0,118952.66666666667,115344.16666666667,0.0,78984.16666666667,112532.16666666667,0.0,91197.16666666667,109672.66666666667,83356.16666666667,64689.333333333336,101355.5,50758.166666666664,86696.5,53434.5,94382.83333333333,0.0,0.0,0.0,89715.0,80462.0,89570.0,48420.5,78088.66666666667,73665.33333333333,51287.5,79762.16666666667,74862.0,56288.833333333336,73401.83333333333,46642.5,65591.83333333333,48696.333333333336,0.0,0.0,66590.5,64779.0,82112.16666666667,55148.666666666664,66575.83333333333,62602.833333333336
2016-12-01,122486.33333333333,107995.83333333333,47101.666666666664,133881.66666666666,0.0,120511.0,52959.166666666664,125347.33333333333,51279.666666666664,0.0,113116.66666666667,111998.83333333333,0.0,86073.33333333333,106168.5,0.0,80210.16666666667,102070.33333333333,86237.0,66727.0,96002.33333333333,42142.333333333336,67451.66666666667,41863.0,89857.16666666667,0.0,0.0,0.0,84032.83333333333,76797.5,84351.66666666667,44210.333333333336,73192.16666666667,69006.0,44173.166666666664,74204.5,69614.33333333333,48137.833333333336,67262.5,46862.833333333336,58706.333333333336,50213.0,0.0,0.0,61014.0,58875.833333333336,76749.16666666667,55174.833333333336,60165.333333333336,56253.333333333336
2017-01-01,118455.0,112841.5,41140.333333333336,129800.5,0.0,116572.33333333333,46549.0,121929.0,57913.833333333336,0.0,109243.83333333333,107456.16666666667,0.0,90900.83333333333,102566.0,0.0,70816.33333333333,98374.83333333333,88063.33333333333,70300.66666666667,92459.33333333333,37431.5,50196.833333333336,37546.333333333336,81442.83333333333,0.0,0.0,0.0,79916.0,74129.5,80128.66666666667,39246.666666666664,69471.66666666667,65193.333333333336,40566.833333333336,70180.83333333333,65474.166666666664,43051.666666666664,62555.666666666664,48050.5,53939.5,51640.333333333336,0.0,0.0,56708.5,54668.333333333336,72755.33333333333,55610.333333333336,55590.166666666664,52907.833333333336
2017-02-01,116879.66666666667,117342.66666666667,38343.666666666664,128920.83333333333,0.0,115552.83333333333,44049.166666666664,122120.0,68960.5,0.0,108781.5,106792.33333333333,0.0,95287.16666666667,101636.83333333333,0.0,64245.833333333336,97353.83333333333,90257.83333333333,76214.0,91955.33333333333,36787.0,41594.166666666664,37019.166666666664,49047.0,0.0,0.0,0.0,65500.166666666664,74606.33333333333,79815.0,38381.333333333336,68702.83333333333,64686.333333333336,40057.666666666664,69690.66666666667,64487.5,41294.833333333336,60486.0,51844.833333333336,52553.166666666664,53667.333333333336,0.0,0.0,55701.166666666664,52700.666666666664,72247.33333333333,57553.666666666664,53488.166666666664,52045.0
2017-03-01,117919.66666666667,122169.83333333333,40247.833333333336,131076.33333333334,0.0,118833.66666666667,45816.166666666664,125377.66666666667,82710.83333333333,0.0,111550.33333333333,109600.16666666667,0.0,101278.5,103912.16666666667,0.0,62091.5,98516.66666666667,94235.33333333333,83081.66666666667,93756.16666666667,39198.166666666664,40478.833333333336,40024.166666666664,39773.833333333336,0.0,0.0,0.0,44334.333333333336,78183.16666666667,82752.83333333333,40729.666666666664,70899.83333333333,67108.33333333333,41960.5,72378.66666666667,66586.5,43053.166666666664,61238.166666666664,56015.166666666664,53218.333333333336,58179.5,0.0,0.0,58637.333333333336,54066.333333333336,74678.33333333333,61310.666666666664,55510.5,53474.833333333336
2017-04-01,122765.5,130029.0,47071.166666666664,138357.0,0.0,126153.33333333333,51015.666666666664,132077.66666666666,98372.5,0.0,118835.0,118277.0,0.0,110114.33333333333,112831.83333333333,0.0,65418.166666666664,105857.33333333333,102376.0,94328.5,102706.83333333333,46766.666666666664,46833.333333333336,45943.666666666664,46379.666666666664,0.0,0.0,0.0,49715.666666666664,86248.0,90262.5,49809.5,79349.16666666667,74837.16666666667,51558.166666666664,80924.5,74009.33333333333,48991.5,66694.66666666667,65273.5,59508.833333333336,66031.0,0.0,28262.0,64328.833333333336,60566.333333333336,82456.83333333333,70194.5,61767.333333333336,62228.333333333336
2017-05-01,124483.5,137432.66666666666,51391.166666666664,145111.66666666666,0.0,130958.83333333333,64522.666666666664,137297.16666666666,112117.5,0.0,125000.33333333333,123966.16666666667,0.0,114928.16666666667,95086.0,0.0,65275.166666666664,105730.66666666667,108710.0,102540.16666666667,108272.33333333333,52257.833333333336,50498.333333333336,52629.666666666664,52396.833333333336,0.0,0.0,0.0,54880.666666666664,92507.5,96066.5,56571.333333333336,85072.16666666667,79684.83333333333,60273.0,84010.66666666667,80384.5,52801.666666666664,70742.33333333333,70414.33333333333,62370.666666666664,71812.33333333333,0.0,39003.666666666664,72075.33333333333,64737.666666666664,88289.66666666667,77027.83333333333,64857.833333333336,66457.66666666667
2017-06-01,121553.0,141923.5,56210.5,145666.0,0.0,133249.16666666666,125982.33333333333,144080.16666666666,121321.5,0.0,127453.33333333333,127248.0,0.0,122151.16666666667,58166.666666666664,0.0,66831.16666666667,94908.16666666667,110563.0,108361.33333333333,109891.0,55324.666666666664,56848.833333333336,55743.166666666664,54517.666666666664,0.0,0.0,0.0,58348.0,97238.33333333333,96027.16666666667,60321.333333333336,85585.33333333333,83750.33333333333,68700.66666666667,87917.83333333333,84046.33333333333,57272.166666666664,70109.5,74139.5,65294.666666666664,75191.5,0.0,45929.833333333336,72715.33333333333,66807.83333333333,92041.33333333333,78990.16666666667,67662.83333333333,66327.33333333333
2017-07-01,124123.5,149692.16666666666,62608.5,154234.66666666666,0.0,141867.16666666666,156904.0,152755.0,131573.66666666666,0.0,137671.5,137357.0,0.0,127813.33333333333,65773.33333333333,0.0,73711.66666666667,87499.5,120716.83333333333,117530.33333333333,119088.5,74336.0,69527.83333333333,67643.0,70624.0,0.0,0.0,0.0,70263.0,102880.66666666667,108420.16666666667,76724.83333333333,85911.16666666667,91887.66666666667,87083.16666666667,93397.33333333333,90764.5,66407.0,78488.5,83682.66666666667,71687.66666666667,83315.0,0.0,61586.5,79856.66666666667,75089.16666666667,99636.66666666667,86993.0,75657.16666666667,74723.66666666667
2017-08-01,109200.83333333333,149132.66666666666,63372.5,150188.33333333334,0.0,139185.66666666666,154465.16666666666,152785.83333333334,133535.66666666666,0.0,106595.83333333333,136264.5,0.0,127713.5,64055.333333333336,0.0,73347.33333333333,74526.16666666667,121242.83333333333,118992.66666666667,117948.0,88089.33333333333,83103.83333333333,78752.33333333333,75767.66666666667,0.0,0.0,0.0,74091.33333333333,106736.83333333333,106716.0,79291.5,73910.5,92286.66666666667,90074.5,88296.33333333333,95476.33333333333,66587.16666666667,75886.5,84976.66666666667,66768.16666666667,85312.66666666667,0.0,64567.833333333336,77272.66666666667,76915.66666666667,103048.33333333333,86135.16666666667,72152.33333333333,75006.33333333333
2017-09-01,91950.83333333333,140966.16666666666,59616.0,144976.83333333334,0.0,131861.5,149020.33333333334,146368.83333333334,129993.33333333333,0.0,59111.166666666664,128696.5,0.0,120178.66666666667,58728.5,0.0,63240.333333333336,62550.5,114475.5,114198.83333333333,112862.83333333333,92221.66666666667,92532.83333333333,83622.5,84368.33333333333,0.0,0.0,0.0,75412.33333333333,100751.83333333333,98659.5,81149.83333333333,57635.333333333336,86054.5,85354.33333333333,73869.16666666667,87130.33333333333,61499.5,66187.33333333333,76816.66666666667,57541.166666666664,76901.33333333333,0.0,60224.666666666664,70293.33333333333,61100.333333333336,92605.33333333333,81589.33333333333,63597.833333333336,65816.66666666667
2017-10-01,76840.66666666667,128161.5,66330.16666666667,135756.66666666666,0.0,119493.33333333333,144311.66666666666,141816.33333333334,127877.16666666667,0.0,52173.333333333336,125161.5,0.0,119053.0,56086.0,0.0,57229.833333333336,57052.5,106852.0,110388.66666666667,110388.66666666667,99530.5,97488.5,90032.16666666667,88557.33333333333,0.0,0.0,0.0,81762.33333333333,96854.0,90690.5,81181.66666666667,55554.666666666664,82408.66666666667,84944.5,61206.5,84101.83333333333,56951.5,63766.666666666664,74713.83333333333,58168.833333333336,74245.33333333333,0.0,59518.666666666664,64710.666666666664,62086.666666666664,91355.16666666667,78902.83333333333,61567.166666666664,60795.666666666664
2017-11-01,59828.333333333336,90068.66666666667,71044.0,119716.33333333333,0.0,100699.0,138020.5,133880.0,120667.83333333333,0.0,42100.0,116949.0,0.0,102125.33333333333,58812.166666666664,0.0,49399.5,47841.0,83797.16666666667,102289.66666666667,101687.83333333333,96092.83333333333,95363.83333333333,89851.33333333333,87112.0,0.0,0.0,0.0,81928.83333333333,88588.0,76748.0,75554.16666666667,45936.5,62947.0,76880.16666666667,49071.0,74493.33333333333,50070.0,58119.833333333336,66982.33333333333,51814.333333333336,66770.33333333333,0.0,55188.833333333336,55625.0,54682.0,82099.0,70503.66666666667,54670.333333333336,51599.833333333336
2017-12-01,46147.833333333336,48942.5,80020.33333333333,98648.16666666667,0.0,77878.16666666667,129676.33333333333,126018.33333333333,113212.66666666667,0.0,34562.333333333336,110044.16666666667,0.0,72328.5,65154.666666666664,0.0,41290.333333333336,39761.833333333336,53419.666666666664,94317.33333333333,94761.16666666667,91185.0,88989.0,86484.16666666667,82653.5,0.0,0.0,0.0,77134.0,81116.33333333333,60883.5,70362.33333333333,38992.833333333336,36491.166666666664,69227.66666666667,40255.5,67452.83333333333,44597.333333333336,52512.333333333336,56786.0,45438.666666666664,58088.0,0.0,49318.5,46224.333333333336,47575.333333333336,74500.83333333333,61417.5,49085.0,42151.333333333336
2018-01-01,40953.333333333336,37653.166666666664,92786.66666666667,82834.5,0.0,62143.166666666664,128326.0,124376.0,112999.66666666667,0.0,36340.833333333336,108872.16666666667,0.0,48495.166666666664,78324.83333333333,0.0,63830.5,41572.0,41708.0,93301.16666666667,93172.83333333333,91918.66666666667,88660.83333333333,87185.33333333333,83408.0,0.0,0.0,0.0,77843.0,80391.33333333333,51819.333333333336,70807.83333333333,37679.833333333336,33810.5,68528.0,38871.5,66295.16666666667,47577.0,53262.0,48980.0,46263.833333333336,56103.666666666664,0.0,49814.833333333336,43122.5,47919.666666666664,73626.0,59488.333333333336,48890.0,38995.5
2018-02-01,36777.166666666664,33904.666666666664,101238.5,66556.0,0.0,49950.0,126449.66666666667,122139.33333333333,110723.33333333333,0.0,44201.5,106996.33333333333,0.0,39126.833333333336,86581.5,0.0,93132.66666666667,51994.833333333336,36775.166666666664,91815.66666666667,91081.5,90098.5,87319.33333333333,86749.5,82056.33333333333,0.0,0.0,0.0,77197.16666666667,77610.66666666667,44711.166666666664,70218.5,35727.666666666664,31719.5,66239.66666666667,36265.5,63904.333333333336,48763.833333333336,53500.0,37131.833333333336,45063.166666666664,51676.0,0.0,49006.333333333336,40091.166666666664,47583.5,71071.5,55571.0,48301.5,35439.5
2018-03-01,42478.5,41460.666666666664,116843.0,61369.333333333336,0.0,51608.666666666664,132867.0,123744.5,118368.16666666667,0.0,68837.83333333333,114983.33333333333,0.0,44536.0,101370.66666666667,0.0,103983.0,76582.16666666667,43942.833333333336,98507.0,98776.33333333333,97925.5,94856.0,94693.66666666667,89768.83333333333,0.0,0.0,0.0,85158.83333333333,86340.0,48849.0,77645.33333333333,43214.666666666664,39412.666666666664,74361.5,43822.5,72561.66666666667,60052.333333333336,62529.0,40412.833333333336,55241.5,55356.666666666664,0.0,58140.666666666664,45564.333333333336,56275.0,78989.16666666667,58925.0,57561.333333333336,42415.333333333336
2018-04-01,47581.5,47120.5,127297.16666666667,60041.833333333336,0.0,70210.83333333333,140682.66666666666,87620.16666666667,122125.16666666667,0.0,90938.5,119268.83333333333,0.0,49719.666666666664,110731.16666666667,18933.833333333332,108451.33333333333,96997.16666666667,49538.5,104665.16666666667,103299.83333333333,103911.16666666667,99932.33333333333,100902.0,96904.83333333333,0.0,0.0,0.0,91233.83333333333,90833.33333333333,61671.5,83371.83333333333,49821.833333333336,45291.166666666664,80336.16666666667,50533.333333333336,77225.0,68804.0,70257.0,44837.166666666664,61715.5,52005.5,0.0,66410.33333333333,49925.666666666664,63199.666666666664,85229.33333333333,59840.5,62547.5,46817.333333333336
2018-05-01,52635.5,52373.5,134972.66666666666,59089.5,0.0,106005.83333333333,145856.33333333334,59282.833333333336,127662.5,0.0,108825.16666666667,126836.5,0.0,53206.5,118120.5,28496.666666666668,115453.5,107072.5,54680.333333333336,108019.83333333333,108314.83333333333,109871.16666666667,106979.16666666667,105851.16666666667,100955.16666666667,0.0,20960.666666666668,0.0,95642.16666666667,96148.16666666667,81080.33333333333,90412.5,59144.0,56153.833333333336,84043.0,57513.166666666664,83474.5,77272.16666666667,76630.5,48539.666666666664,69309.5,54092.666666666664,0.0,71328.16666666667,55535.333333333336,69788.33333333333,88994.33333333333,59755.0,68485.66666666667,52032.666666666664
2018-06-01,56011.166666666664,56022.0,142577.5,86982.5,0.0,127163.16666666667,149912.0,63860.5,133510.83333333334,0.0,122276.33333333333,130107.0,0.0,60019.0,122249.16666666667,48891.166666666664,119609.33333333333,116650.66666666667,61516.833333333336,116522.33333333333,113396.5,116815.16666666667,109933.5,110187.33333333333,107027.33333333333,0.0,36062.5,0.0,101515.5,101922.16666666667,95323.83333333333,96237.83333333333,72622.16666666667,68614.66666666667,87345.83333333333,63898.0,87855.83333333333,84098.16666666667,83661.5,53153.0,74847.33333333333,55671.0,0.0,77950.0,61057.0,75036.5,93634.5,60317.833333333336,77770.33333333333,58659.166666666664
2018-07-01,59470.0,62583.333333333336,151005.5,138556.33333333334,0.0,141450.33333333334,152844.5,67614.66666666667,146073.16666666666,0.0,130456.83333333333,134777.16666666666,0.0,68038.66666666667,128111.0,72547.33333333333,127205.0,126968.33333333333,70405.5,124422.16666666667,121296.5,116887.16666666667,113859.33333333333,116433.33333333333,113032.83333333333,0.0,51513.333333333336,0.0,108037.66666666667,110332.0,109453.83333333333,100689.33333333333,85340.83333333333,82249.16666666667,89327.5,74992.5,92299.83333333333,92041.5,90999.66666666667,62338.0,79309.66666666667,62375.666666666664,0.0,82944.0,72814.5,85121.0,106319.0,67786.66666666667,79828.83333333333,65543.5
2018-08-01,61410.666666666664,69837.83333333333,150228.5,154352.5,0.0,142470.66666666666,154356.0,76238.66666666667,145116.0,0.0,135783.0,138789.66666666666,0.0,68496.33333333333,131645.33333333334,91477.66666666667,128906.33333333333,128615.16666666667,68276.16666666667,119839.33333333333,120423.5,117493.83333333333,120101.0,113773.33333333333,111306.0,0.0,64759.166666666664,0.0,113007.83333333333,110126.16666666667,110155.33333333333,100813.16666666667,94475.5,88206.5,79225.83333333333,79347.16666666667,96845.0,90170.66666666667,92252.16666666667,58897.333333333336,81534.66666666667,62339.833333333336,0.0,84898.66666666667,68055.66666666667,80694.66666666667,105084.16666666667,70738.83333333333,86110.5,61592.833333333336
2018-09-01,62587.166666666664,73783.5,146230.66666666666,148885.33333333334,0.0,140365.16666666666,146602.16666666666,73830.0,135074.83333333334,0.0,132000.66666666666,131740.16666666666,0.0,64070.0,123851.16666666667,98847.16666666667,122539.33333333333,121997.16666666667,72339.0,116602.16666666667,116190.5,95745.83333333333,109270.0,102337.83333333333,105524.16666666667,0.0,73790.5,0.0,101369.66666666667,103893.5,101249.16666666667,98474.0,89311.33333333333,83321.33333333333,64698.833333333336,77581.83333333333,89627.83333333333,88441.16666666667,87421.5,58691.833333333336,75437.0,53958.666666666664,0.0,79966.33333333333,60994.333333333336,79911.16666666667,96760.66666666667,63940.5,80537.33333333333,56147.833333333336
2018-10-01,71836.66666666667,86347.0,138620.33333333334,142512.0,0.0,130614.5,137899.5,73595.0,126575.5,0.0,124526.33333333333,122603.16666666667,0.0,67817.33333333333,116266.5,100838.5,114504.66666666667,113659.16666666667,74721.0,107927.0,107052.83333333333,67197.33333333333,98707.5,76018.83333333333,100126.66666666667,0.0,76378.66666666667,0.0,94108.0,95441.66666666667,95029.66666666667,86605.16666666667,80149.66666666667,80167.83333333333,56664.0,73688.5,79909.0,81205.66666666667,79172.16666666667,48861.333333333336,70647.33333333333,47687.166666666664,0.0,72102.33333333333,61695.166666666664,68112.5,88602.16666666667,55544.0,71931.0,57112.0
2018-11-01,88010.66666666667,97742.33333333333,131883.83333333334,137681.5,0.0,123365.83333333333,130052.33333333333,74454.83333333333,121763.66666666667,0.0,116863.16666666667,117919.5,0.0,78388.66666666667,111405.33333333333,100513.33333333333,106967.16666666667,105884.33333333333,82243.33333333333,102179.66666666667,101287.66666666667,48598.166666666664,86318.83333333333,51877.333333333336,94845.33333333333,0.0,76241.83333333333,0.0,89369.16666666667,87840.33333333333,88281.83333333333,83008.83333333333,77397.83333333333,73546.5,48847.0,68891.5,74331.33333333333,74699.5,73440.5,45219.0,63182.666666666664,48578.666666666664,0.0,65638.33333333333,64758.5,65624.33333333333,82579.33333333333,53153.666666666664,65161.5,61305.333333333336
2018-12-01,102702.16666666667,107340.33333333333,126108.33333333333,132310.0,0.0,119829.0,122857.5,77565.66666666667,116673.5,0.0,112545.33333333333,113449.0,0.0,85718.16666666667,105650.5,99219.66666666667,102220.33333333333,102306.33333333333,85582.33333333333,97237.66666666667,96538.0,40983.666666666664,66759.66666666667,41767.166666666664,88347.16666666667,0.0,76173.5,0.0,83706.83333333333,83828.33333333333,83959.66666666667,77787.0,71811.16666666667,69034.33333333333,43574.5,65559.5,69779.83333333333,69298.83333333333,68508.5,45766.666666666664,59390.166666666664,49773.0,0.0,61808.0,60436.666666666664,59502.166666666664,76885.16666666667,54562.0,60841.666666666664,57079.5
2019-01-01,108134.5,111588.33333333333,121622.5,127475.0,0.0,114778.0,114356.5,80180.83333333333,111383.5,0.0,107596.5,107402.33333333333,0.0,89619.33333333333,100704.33333333333,96620.66666666667,96089.66666666667,96925.83333333333,86232.83333333333,91647.83333333333,91789.5,35930.0,48593.166666666664,35837.5,79555.66666666667,0.0,74202.5,0.0,78270.5,78545.66666666667,79344.66666666667,72470.66666666667,67334.0,63263.166666666664,38249.5,62942.5,64890.166666666664,64564.5,63878.166666666664,47005.166666666664,54499.833333333336,49904.666666666664,0.0,56102.0,56248.0,54681.833333333336,71483.16666666667,53923.0,55894.0,52097.166666666664
2019-02-01,114563.33333333333,117885.83333333333,123493.66666666667,129934.5,0.0,116337.66666666667,111813.66666666667,89281.0,113675.33333333333,0.0,109343.5,108552.83333333333,0.0,96741.33333333333,102171.66666666667,99992.16666666667,97655.0,98245.16666666667,90900.5,93365.5,93442.16666666667,37650.666666666664,42262.5,37968.833333333336,50071.833333333336,0.0,78644.0,0.0,65808.16666666667,80691.16666666667,80574.66666666667,74318.16666666667,69063.16666666667,64951.333333333336,40558.5,66328.0,66427.5,65924.0,65152.0,52447.166666666664,57187.666666666664,55253.5,0.0,58492.333333333336,57344.666666666664,56780.0,73514.66666666667,58821.666666666664,58126.5,53893.166666666664
2019-03-01,121165.66666666667,124484.66666666667,126444.66666666667,132663.5,0.0,120053.83333333333,109397.16666666667,99302.83333333333,116537.16666666667,0.0,112909.16666666667,112212.0,0.0,101932.5,105449.83333333333,104355.66666666667,100028.0,100718.5,95707.5,96891.16666666667,97826.66666666667,40565.333333333336,42514.333333333336,40934.0,41761.333333333336,0.0,82676.66666666667,0.0,46558.5,83678.16666666667,83533.5,77558.16666666667,72922.16666666667,68917.0,43990.5,71474.83333333333,69705.0,68629.5,68920.5,57956.0,60614.833333333336,59045.0,0.0,61881.5,60097.166666666664,60388.5,76711.5,63010.333333333336,61550.166666666664,57145.0
2019-04-01,126443.16666666667,130734.16666666667,131957.16666666666,137813.16666666666,0.0,124431.66666666667,107476.66666666667,110644.5,121430.66666666667,0.0,116253.5,118375.0,0.0,108218.0,109892.0,109746.83333333333,104573.0,103625.16666666667,101737.83333333333,100671.83333333333,100983.0,44271.166666666664,45730.5,45258.666666666664,46428.833333333336,0.0,88463.0,0.0,48244.166666666664,88358.83333333333,88059.16666666667,82881.83333333333,78989.83333333333,72855.5,49459.333333333336,76918.66666666667,73964.83333333333,74880.16666666667,74664.0,64365.5,65201.0,65380.166666666664,0.0,65783.5,64950.5,63473.0,81254.83333333333,67073.83333333333,64966.5,60705.333333333336
2019-05-01,132912.5,136980.0,136092.16666666666,141343.33333333334,0.0,130454.33333333333,103884.16666666667,119869.66666666667,127474.16666666667,0.0,121242.83333333333,122748.83333333333,0.0,114640.0,93568.5,116220.0,109676.83333333333,101361.5,105693.0,104285.16666666667,107955.16666666667,49176.0,51922.333333333336,51559.166666666664,50854.0,0.0,94112.0,0.0,53257.333333333336,93537.0,94272.0,87410.16666666667,81302.16666666667,78511.83333333333,58248.166666666664,81643.0,79804.16666666667,79589.5,81394.0,70731.33333333333,69534.33333333333,72434.0,0.0,72852.83333333333,71949.83333333333,70173.33333333333,88707.66666666667,74246.0,71779.16666666667,66284.66666666667
2019-06-01,139766.16666666666,141430.66666666666,145985.5,149440.0,0.0,136322.0,105276.5,129994.66666666667,132529.33333333334,0.0,129621.0,130550.83333333333,0.0,123092.66666666667,63389.5,122377.5,115104.66666666667,98517.0,115906.5,114194.16666666667,114224.83333333333,60803.833333333336,59805.666666666664,57805.333333333336,60057.666666666664,0.0,104274.33333333333,0.0,61015.166666666664,104478.5,99290.83333333333,95690.5,88879.66666666667,84790.0,70919.0,89384.33333333333,88153.66666666667,88459.16666666667,88223.83333333333,77517.66666666667,79366.83333333333,78122.83333333333,0.0,79671.5,76940.33333333333,79862.0,93414.16666666667,81057.16666666667,79244.0,71674.33333333333
2019-07-01,145315.66666666666,149903.83333333334,149538.16666666666,154732.16666666666,0.0,138975.33333333334,101343.0,142016.5,141925.33333333334,0.0,133118.33333333334,136677.16666666666,0.0,129554.5,68111.5,127362.83333333333,119893.0,85545.83333333333,121248.0,120292.5,117783.5,70711.5,71039.66666666667,71004.5,66631.0,0.0,108400.33333333333,0.0,69934.5,106432.5,108089.66666666667,103066.0,84423.66666666667,91175.16666666667,83560.5,99109.16666666667,94765.33333333333,92942.16666666667,91079.16666666667,85448.5,86588.16666666667,86053.0,0.0,85941.16666666667,86542.16666666667,80923.33333333333,103140.16666666667,86973.33333333333,86467.0,80321.5
2019-08-01,146166.0,157415.0,154886.33333333334,154966.83333333334,0.0,142338.16666666666,102866.16666666667,147894.0,147767.5,0.0,114026.0,139593.0,0.0,133398.83333333334,67899.16666666667,135996.16666666666,122210.5,79199.33333333333,122118.5,122776.16666666667,125004.16666666667,89930.0,88061.5,81931.83333333333,80038.0,0.0,113506.33333333333,0.0,76906.16666666667,113408.33333333333,110095.5,106721.0,76947.83333333333,93713.33333333333,92163.66666666667,100388.16666666667,97066.66666666667,96453.66666666667,94423.0,87330.83333333333,89883.0,88814.33333333333,0.0,90422.0,92746.33333333333,86005.33333333333,106079.0,92037.5,91209.83333333333,84035.33333333333
2019-09-01,144435.5,146604.16666666666,149869.33333333334,150297.0,0.0,133845.5,89448.66666666667,143047.0,137831.5,0.0,64854.666666666664,132169.33333333334,0.0,125812.83333333333,64809.0,126623.83333333333,113011.83333333333,68106.33333333333,117896.0,117877.0,119585.66666666667,98462.5,95057.5,93649.33333333333,90410.66666666667,0.0,107830.0,0.0,82402.16666666667,105698.0,104611.0,101036.5,64805.166666666664,93664.66666666667,90813.33333333333,95245.33333333333,93668.33333333333,92558.33333333333,93341.33333333333,82327.33333333333,85248.83333333333,81086.16666666667,0.0,82132.66666666667,84221.5,84896.5,99252.83333333333,85446.66666666667,88140.66666666667,75750.83333333333
2019-10-01,138941.16666666666,131291.0,141050.33333333334,137546.0,0.0,121517.5,76599.66666666667,136954.5,134026.0,0.0,51508.166666666664,129188.66666666667,0.0,120920.33333333333,60470.166666666664,120750.16666666667,103143.5,59141.833333333336,109132.16666666667,114555.66666666667,114238.83333333333,99943.66666666667,101915.83333333333,94980.33333333333,92196.0,0.0,101420.5,0.0,84647.83333333333,102607.16666666667,94214.0,94671.16666666667,57743.833333333336,85730.33333333333,84806.0,89989.16666666667,84668.5,87529.0,85990.66666666667,77018.5,77141.16666666667,77941.0,0.0,77009.5,78857.5,77815.83333333333,93654.5,81332.66666666667,76858.66666666667,73755.33333333333
2019-11-01,128262.0,90441.5,132431.16666666666,119851.16666666667,0.0,101505.16666666667,61869.5,129616.33333333333,122587.33333333333,0.0,43186.333333333336,120126.83333333333,0.0,102521.5,57854.333333333336,112529.5,90426.0,48668.0,84543.66666666667,100484.33333333333,103496.0,95410.66666666667,95513.16666666667,90168.16666666667,87091.33333333333,0.0,91141.5,0.0,80877.33333333333,88967.0,78209.5,83409.16666666667,47261.333333333336,63623.833333333336,77276.5,79183.33333333333,76803.33333333333,76318.33333333333,76675.83333333333,67031.83333333333,67827.66666666667,67296.83333333333,37550.5,67560.83333333333,65642.5,65951.66666666667,84370.83333333333,69681.66666666667,68548.5,61965.0
2019-12-01,125521.66666666667,54849.666666666664,129556.5,103803.0,0.0,82754.66666666667,55743.333333333336,127975.83333333333,117423.66666666667,0.0,39641.333333333336,115593.66666666667,13708.0,77664.33333333333,70446.0,109072.5,81807.16666666667,45313.666666666664,59225.5,96899.0,100667.0,96151.83333333333,94173.66666666667,91872.0,87824.83333333333,0.0,87855.16666666667,0.0,81956.0,86690.0,66275.16666666667,81288.83333333333,43763.5,41647.333333333336,74800.83333333333,77332.16666666667,72723.83333333333,73017.16666666667,72384.16666666667,62010.5,63994.833333333336,63436.333333333336,66129.33333333333,65540.16666666667,63040.333333333336,63778.333333333336,80227.83333333333,66630.5,64574.666666666664,59849.166666666664
2020-01-01,123296.0,42470.166666666664,128324.0,87733.33333333333,0.0,66677.83333333333,51708.0,126820.5,115466.0,0.0,41168.333333333336,114932.5,26308.0,53345.666666666664,83280.66666666667,107437.0,76529.33333333333,46413.5,46533.0,93747.83333333333,98451.5,97115.83333333333,93958.83333333333,92551.83333333333,88309.5,0.0,86344.16666666667,0.0,82818.66666666667,85030.0,57320.333333333336,79847.16666666667,43115.5,38940.5,73403.0,75346.16666666667,71507.16666666667,71495.0,71600.0,54549.833333333336,62926.5,61149.333333333336,67537.16666666667,63502.666666666664,61884.5,62496.0,78546.33333333333,64430.0,64035.833333333336,58176.833333333336
2020-02-01,121086.5,39255.0,126206.16666666667,71083.16666666667,0.0,55155.666666666664,48575.666666666664,125931.66666666667,111821.33333333333,0.0,49826.666666666664,112491.66666666667,47547.666666666664,43775.5,91604.83333333333,105827.33333333333,68692.0,56287.666666666664,41788.0,89569.83333333333,97074.83333333333,95905.16666666667,92054.33333333333,91997.16666666667,87413.5,0.0,84923.33333333333,0.0,82151.83333333333,82696.83333333333,50273.5,77332.5,40478.666666666664,36438.5,71648.5,73580.33333333333,69535.33333333333,69703.33333333333,69145.33333333333,42286.833333333336,60380.833333333336,57080.166666666664,65580.0,61959.333333333336,59553.5,60476.166666666664,76540.16666666667,60475.166666666664,61456.833333333336,55381.833333333336
2020-03-01,122709.83333333333,41937.5,129678.66666666667,63303.166666666664,0.0,52892.0,50314.5,129370.16666666667,112622.0,0.0,70237.16666666667,116021.33333333333,73671.0,45237.833333333336,101960.16666666667,109674.0,66448.33333333333,77279.83333333333,45399.5,90157.66666666667,99339.0,99873.5,95847.16666666667,95421.5,91209.16666666667,0.0,87768.16666666667,0.0,87005.0,85400.0,49999.0,80894.83333333333,43844.333333333336,40302.5,74950.5,77055.33333333333,73146.66666666667,73898.83333333333,73240.5,41149.166666666664,64119.833333333336,55886.333333333336,69180.33333333333,65161.666666666664,63163.0,63513.5,80816.66666666667,59693.666666666664,65027.833333333336,58959.0
2020-04-01,121719.0,43165.5,131097.83333333334,55888.333333333336,14098.166666666666,65877.83333333333,51821.333333333336,130931.16666666667,111171.66666666667,0.0,88568.5,117285.16666666667,90374.33333333333,47312.833333333336,106578.83333333333,110284.16666666667,64402.666666666664,91600.83333333333,46613.0,88139.0,100205.5,101826.83333333333,97238.0,97167.66666666667,93125.5,0.0,89724.66666666667,0.0,88605.33333333333,87001.83333333333,56986.333333333336,81992.83333333333,47067.666666666664,41725.833333333336,75962.66666666667,77309.66666666667,74147.0,74888.83333333333,74954.0,41675.333333333336,65431.166666666664,49317.5,70998.5,66061.83333333333,63972.166666666664,66050.16666666667,80805.83333333333,55911.666666666664,66011.0,59330.666666666664
2020-05-01,125443.5,53740.166666666664,138926.33333333334,60563.833333333336,26753.333333333332,107064.5,68608.0,142303.66666666666,117198.83333333333,0.0,109964.83333333333,128132.0,110777.83333333333,58542.333333333336,116830.33333333333,120309.5,69086.5,108449.33333333333,57167.0,94596.33333333333,110471.16666666667,112359.33333333333,106393.0,105952.16666666667,102263.33333333333,0.0,98991.83333333333,0.0,96354.33333333333,93579.0,82140.16666666667,91272.33333333333,59654.5,55155.833333333336,86538.33333333333,86037.66666666667,83117.5,84774.0,84475.33333333333,51239.333333333336,71727.66666666667,55109.333333333336,80317.0,74497.5,71740.83333333333,75131.83333333333,89800.83333333333,61954.333333333336,74293.66666666667,67381.33333333333
2020-06-01,125323.33333333333,61542.0,144957.5,90537.16666666667,46176.833333333336,128884.33333333333,132267.66666666666,146556.33333333334,116786.0,0.0,124351.83333333333,132598.16666666666,121017.83333333333,60513.333333333336,124626.5,126618.16666666667,70564.0,118361.66666666667,61369.833333333336,92891.16666666667,119755.5,116695.16666666667,114620.0,113904.66666666667,108070.66666666667,0.0,104474.16666666667,0.0,104798.0,99413.66666666667,98201.83333333333,97960.66666666667,74098.5,71110.16666666667,91055.0,95552.0,90819.66666666667,92593.16666666667,89729.33333333333,57185.5,78354.0,59497.5,86038.16666666667,82248.66666666667,79268.5,81108.66666666667,98898.5,65237.0,81432.16666666667,74088.33333333333
2020-07-01,122094.16666666667,61230.166666666664,145702.0,133322.16666666666,57561.333333333336,140836.33333333334,154484.16666666666,151450.0,112042.66666666667,0.0,131056.83333333333,137972.66666666666,128198.16666666667,66887.5,129079.83333333333,128151.66666666667,72306.5,126099.5,64483.5,90164.33333333333,122662.16666666667,119627.66666666667,117580.83333333333,116358.0,111791.0,0.0,109019.83333333333,0.0,108946.66666666667,99208.5,103459.83333333333,99951.16666666667,86120.16666666667,78201.33333333333,83122.5,93615.66666666667,91267.0,90619.0,93706.5,59987.333333333336,83909.5,60070.5,88269.33333333333,85791.33333333333,77045.83333333333,84667.16666666667,100182.5,67156.33333333333,86302.83333333333,73141.16666666667
2020-08-01,111359.83333333333,71332.0,153637.83333333334,155742.0,76534.0,148173.16666666666,162844.5,156152.5,114267.83333333333,0.0,137243.33333333334,142497.33333333334,136604.16666666666,69038.0,133997.83333333334,133420.83333333334,77119.33333333333,128499.33333333333,72822.33333333333,90966.83333333333,126572.16666666667,118556.83333333333,122220.16666666667,118693.0,118068.66666666667,0.0,109978.16666666667,0.0,114899.0,104258.0,109123.0,103620.33333333333,93768.66666666667,90614.16666666667,80204.83333333333,90778.16666666667,96233.83333333333,99176.5,97444.33333333333,65764.16666666667,91044.5,66217.5,96203.0,92629.0,83966.83333333333,89881.16666666667,109490.5,68492.66666666667,91305.0,77689.5
2020-09-01,95701.33333333333,74745.0,143831.33333333334,154819.0,84598.0,143698.0,155876.66666666666,148912.16666666666,98253.66666666667,0.0,134197.16666666666,139020.5,128610.5,69044.66666666667,129026.66666666667,126071.5,68622.33333333333,123367.0,72941.0,79667.16666666667,119174.66666666667,99678.0,114394.5,105689.66666666667,112289.5,0.0,107635.33333333333,0.0,103488.16666666667,93767.33333333333,104802.66666666667,97042.33333333333,90725.16666666667,86588.83333333333,65946.33333333333,75497.5,95288.33333333333,93364.33333333333,90683.33333333333,57365.166666666664,84009.5,59447.166666666664,88219.66666666667,82814.0,75017.5,84406.33333333333,98443.0,65052.0,83858.0,72198.5
2020-10-01,75046.0,86166.0,131012.5,144305.16666666666,89145.66666666667,131091.33333333334,145077.66666666666,139349.0,80583.5,0.0,123176.5,126804.33333333333,121536.5,70380.0,118646.5,119233.5,57667.5,113509.33333333333,77640.5,64783.833333333336,108831.83333333333,67568.5,99981.33333333333,76449.83333333333,99933.0,0.0,95554.83333333333,0.0,97203.66666666667,83589.0,97111.33333333333,85939.5,83227.0,78797.83333333333,55642.0,59613.166666666664,81774.83333333333,82023.5,83277.83333333333,50623.666666666664,73225.0,50226.166666666664,77821.0,73828.5,64672.0,73672.33333333333,87373.0,56337.0,75087.0,60813.666666666664
2020-11-01,62216.833333333336,101253.33333333333,123593.83333333333,140228.5,95964.83333333333,127656.33333333333,139346.0,133871.5,68954.83333333333,0.0,119883.33333333333,120885.83333333333,114869.83333333333,80362.5,113076.16666666667,112794.66666666667,50722.0,108764.0,83802.33333333333,57044.333333333336,104390.33333333333,50465.666666666664,89102.0,54656.0,95279.0,0.0,92038.66666666667,0.0,91783.5,74804.33333333333,90658.0,78173.16666666667,79571.5,75110.5,51791.0,51768.666666666664,77950.0,76394.83333333333,78690.33333333333,47288.166666666664,67649.83333333333,49799.0,73249.33333333333,69183.66666666667,57210.166666666664,68461.33333333333,84554.5,55908.0,68908.83333333333,54133.5
2020-12-01,50070.0,110029.16666666667,114081.33333333333,134980.66666666666,99532.83333333333,122510.5,133562.33333333334,129714.33333333333,56727.333333333336,0.0,114893.0,115090.16666666667,110728.33333333333,87842.5,107968.0,106923.16666666667,44467.0,104315.66666666667,87683.16666666667,50040.5,98941.66666666667,43811.666666666664,68674.0,43942.333333333336,90594.33333333333,0.0,86182.83333333333,0.0,86772.33333333333,66840.83333333333,86620.16666666667,70627.83333333333,74759.83333333333,70407.66666666667,45885.833333333336,44396.166666666664,72414.83333333333,71730.0,72288.16666666667,47872.666666666664,63448.0,51948.0,67555.66666666667,64078.5,50275.166666666664,62865.0,78816.0,56587.0,63678.833333333336,46467.833333333336
2021-01-01,43996.5,116063.83333333333,107674.83333333333,132479.5,104592.66666666667,119718.66666666667,131188.83333333334,127269.83333333333,49067.333333333336,0.0,111895.66666666667,112161.83333333333,108108.5,93807.33333333333,105331.0,103755.83333333333,66682.33333333333,101002.33333333333,90704.16666666667,44690.0,96425.0,40432.833333333336,53146.166666666664,40285.333333333336,84335.83333333333,0.0,83714.33333333333,0.0,83055.5,61258.333333333336,83072.66666666667,65692.83333333333,71795.16666666667,67701.66666666667,43693.166666666664,41374.0,69615.83333333333,68356.16666666667,69710.66666666667,51557.0,60358.0,54587.0,65255.833333333336,61176.666666666664,46024.333333333336,60314.666666666664,76454.5,58069.833333333336,60838.166666666664,41844.0
2021-02-01,41484.333333333336,120689.5,102065.16666666667,131625.33333333334,109752.83333333333,119269.16666666667,131046.33333333333,126402.33333333333,44864.333333333336,0.0,111952.66666666667,111810.5,108206.33333333333,98572.5,105205.83333333333,103267.33333333333,97493.83333333333,100888.5,93379.83333333333,43389.833333333336,96067.0,40126.833333333336,44370.166666666664,39748.333333333336,52692.5,0.0,83174.16666666667,8904.5,68568.5,58423.166666666664,82521.33333333333,62100.833333333336,71734.66666666667,67530.83333333333,43667.333333333336,40236.666666666664,69174.83333333333,67169.66666666667,68943.83333333333,54751.666666666664,59552.833333333336,57279.833333333336,64636.833333333336,60308.5,44564.166666666664,59376.833333333336,76204.5,60927.166666666664,60877.666666666664,39791.0
2021-03-01,45433.0,128978.5,102005.0,138421.5,119941.66666666667,125309.33333333333,136890.83333333334,126184.16666666667,48814.666666666664,0.0,118688.0,118162.16666666667,113623.16666666667,107883.5,111106.83333333333,108516.83333333333,107152.33333333333,106393.83333333333,100337.83333333333,48512.333333333336,102780.5,46557.5,48254.0,46368.5,46785.0,15486.333333333334,88901.5,24889.166666666668,51047.833333333336,60831.666666666664,88733.66666666667,65255.333333333336,78085.16666666667,74440.83333333333,48036.833333333336,46766.666666666664,74547.66666666667,72951.33333333333,75062.83333333333,63254.5,65428.0,64527.666666666664,70150.83333333333,66812.66666666667,48980.5,65090.666666666664,81895.33333333333,68161.83333333333,66805.83333333333,46576.5
2021-04-01,47828.5,133533.83333333334,97764.5,139904.83333333334,125492.0,126325.16666666667,139018.33333333334,86846.33333333333,47307.833333333336,19031.833333333332,118745.0,120722.66666666667,116172.83333333333,111720.16666666667,112019.5,108911.0,109713.66666666667,105984.83333333333,103590.0,50153.0,104243.33333333333,49156.666666666664,49408.833333333336,47195.833333333336,47746.5,28555.833333333332,89800.16666666667,45366.5,51662.833333333336,61975.5,90528.33333333333,62922.666666666664,81396.83333333333,75863.0,52317.833333333336,49143.5,77276.33333333333,73934.5,77343.16666666667,65774.5,66600.33333333333,67441.0,70818.5,67931.5,51133.833333333336,67492.66666666667,85116.16666666667,71167.5,69160.66666666667,47093.833333333336
2021-05-01,50781.166666666664,137297.33333333334,97992.83333333333,145553.5,135102.16666666666,133063.33333333334,145154.33333333334,61739.833333333336,52201.833333333336,46344.0,126777.33333333333,125821.0,122322.66666666667,118261.5,97100.16666666667,114161.66666666667,114652.83333333333,105687.83333333333,111082.5,56390.0,111905.0,54090.833333333336,53641.5,53790.333333333336,55107.333333333336,53084.5,95775.16666666667,69527.66666666667,58150.333333333336,72602.0,99450.0,65424.0,86574.83333333333,82731.5,61845.833333333336,57634.5,83973.66666666667,80525.66666666667,82200.33333333333,72840.33333333333,74184.83333333333,74132.5,77343.66666666667,73304.83333333333,58140.333333333336,75890.66666666667,89966.16666666667,79596.16666666667,75618.16666666667,52641.5
2021-06-01,59072.0,145943.5,93526.33333333333,149798.0,140911.0,138893.16666666666,149451.33333333334,63642.833333333336,58773.5,80491.0,131615.33333333334,131083.83333333334,129005.5,125656.33333333333,65677.5,116076.16666666667,120406.16666666667,98682.83333333333,118117.0,57775.333333333336,115860.0,63627.666666666664,60866.666666666664,59266.666666666664,60740.833333333336,73366.5,101626.66666666667,88010.83333333333,62636.5,77875.5,102937.16666666667,69384.83333333333,90241.33333333333,87834.0,74065.5,63982.833333333336,90105.0,82690.5,87233.83333333333,79225.5,80165.83333333333,80615.0,80250.0,77351.33333333333,61601.833333333336,77374.66666666667,96589.66666666667,81302.66666666667,81720.16666666667,57977.666666666664
2021-07-01,63938.833333333336,150451.66666666666,92662.0,155725.16666666666,146527.66666666666,141283.16666666666,157652.5,69938.5,63668.666666666664,111376.5,136607.5,140945.5,131206.5,130950.5,66914.0,119796.83333333333,127434.83333333333,86931.33333333333,123653.5,63546.333333333336,121154.33333333333,74970.33333333333,70039.5,68533.83333333333,68773.16666666667,93717.16666666667,107600.33333333333,98192.83333333333,71275.66666666667,88224.0,107079.5,69167.83333333333,85030.16666666667,93326.83333333333,86651.33333333333,76159.5,94513.0,82921.0,93673.0,87018.83333333333,86571.33333333333,87977.33333333333,85536.0,83120.0,66150.83333333333,83319.0,100938.0,89256.33333333333,85614.83333333333,59643.166666666664
2021-08-01,65313.0,150689.16666666666,89930.33333333333,151957.33333333334,148388.5,143611.16666666666,152695.33333333334,74751.33333333333,63906.0,127838.83333333333,108209.66666666667,135802.16666666666,128451.66666666667,130941.33333333333,64098.166666666664,116724.16666666667,125807.83333333333,74572.66666666667,122198.16666666667,68197.5,121848.16666666667,84928.0,87525.83333333333,80881.0,79333.16666666667,105554.83333333333,103964.16666666667,102532.0,76692.0,91843.0,108553.0,69343.83333333333,76368.66666666667,92877.0,92122.83333333333,78549.66666666667,96687.66666666667,80403.33333333333,95077.66666666667,85241.5,84900.16666666667,86038.33333333333,86909.33333333333,81223.83333333333,66221.16666666667,87878.33333333333,103301.66666666667,88106.33333333333,85846.83333333333,60680.833333333336
2021-09-01,66065.66666666667,145534.66666666666,80638.5,149072.0,146348.83333333334,132759.16666666666,147454.16666666666,76439.0,57144.333333333336,130368.16666666667,60368.333333333336,132783.66666666666,119458.0,125962.66666666667,63224.166666666664,109857.66666666667,121518.66666666667,65396.333333333336,120762.5,66868.5,118145.16666666667,97412.66666666667,96186.5,88877.5,88288.5,104536.33333333333,97014.33333333333,102703.16666666667,81570.66666666667,90998.66666666667,101372.83333333333,67354.66666666667,61838.5,88861.0,91708.5,75525.0,89668.0,76831.83333333333,89828.0,81453.16666666667,79186.5,79954.33333333333,79262.5,78577.16666666667,62645.666666666664,80294.0,98877.0,85645.0,82861.66666666667,57679.166666666664
2021-10-01,72267.66666666667,128564.33333333333,68010.0,134343.5,139335.33333333334,120933.0,140004.0,73310.83333333333,51570.333333333336,125117.83333333333,50933.166666666664,127369.83333333333,96840.66666666667,117357.33333333333,57336.333333333336,99964.5,117160.33333333333,55201.333333333336,108442.33333333333,63777.0,110381.83333333333,98240.0,99709.16666666667,92827.33333333333,90357.0,99920.5,86352.0,96748.5,84498.33333333333,87290.5,89005.66666666667,56820.666666666664,55135.166666666664,81418.83333333333,83618.0,73143.66666666667,83398.0,66911.5,80676.5,73903.5,72194.16666666667,73802.5,69274.0,67932.0,63034.333333333336,73242.16666666667,90323.16666666667,76449.0,73855.16666666667,59399.333333333336
2021-11-01,90488.83333333333,91555.5,55154.666666666664,118712.16666666667,131994.0,101347.0,132123.33333333334,75579.33333333333,49034.666666666664,117935.66666666667,42916.166666666664,118554.16666666667,64707.333333333336,102910.66666666667,59040.166666666664,86068.66666666667,108298.33333333333,49149.833333333336,84367.83333333333,64254.666666666664,102879.5,96485.33333333333,95123.5,91960.33333333333,88028.33333333333,93541.83333333333,77131.0,90105.83333333333,82156.16666666667,80805.83333333333,76819.83333333333,49562.666666666664,46022.666666666664,62942.333333333336,76932.66666666667,69958.83333333333,76110.5,57262.333333333336,73748.16666666667,65726.16666666667,65089.666666666664,66129.5,61315.333333333336,60036.666666666664,65708.16666666667,65554.83333333333,82882.83333333333,69785.83333333333,66926.0,61951.166666666664
2021-12-01,106262.66666666667,54608.0,49640.666666666664,103919.66666666667,129571.33333333333,83521.66666666667,125938.16666666667,80679.66666666667,54895.166666666664,115459.5,39980.666666666664,115664.16666666667,46453.166666666664,77738.33333333333,70363.0,78082.5,104246.16666666667,45432.5,58966.333333333336,69477.0,100278.0,96060.66666666667,93921.33333333333,91678.0,87537.16666666667,91026.66666666667,70737.66666666667,87512.83333333333,82307.5,79139.66666666667,65719.66666666667,45907.666666666664,44253.333333333336,41763.833333333336,75110.83333333333,69297.33333333333,72987.33333333333,51151.833333333336,70255.66666666667,62110.666666666664,61190.666666666664,63577.5,55442.833333333336,55806.333333333336,64142.5,61517.5,80595.66666666667,66705.33333333333,63199.833333333336,59867.166666666664
2022-01-01,110352.5,37815.0,41725.5,83305.0,123632.66666666667,62580.666666666664,116647.66666666667,82283.0,58903.0,109612.5,36414.5,109839.5,35632.666666666664,48538.0,78634.0,67263.83333333333,98432.83333333333,41937.666666666664,41830.666666666664,71295.33333333333,94207.33333333333,91990.0,89228.0,87576.83333333333,83472.16666666667,85372.33333333333,60992.333333333336,81822.16666666667,78723.66666666667,74623.83333333333,52212.333333333336,39612.833333333336,37812.666666666664,33938.333333333336,68723.5,65106.333333333336,67053.83333333333,43487.166666666664,63151.0,49660.166666666664,54605.5,56740.166666666664,47732.0,47640.0,58209.666666666664,55149.833333333336,74023.83333333333,60053.166666666664,56006.833333333336,54008.5
2022-02-01,117276.16666666667,37775.5,41553.0,70342.16666666667,125425.83333333333,53501.0,113542.66666666667,91018.33333333333,71772.0,111347.66666666667,48925.0,111528.0,36218.5,42173.5,90543.83333333333,63893.833333333336,99735.66666666667,55297.0,40814.166666666664,78744.5,95558.33333333333,94673.83333333333,91005.5,90028.5,86358.33333333333,87270.5,59036.0,83061.16666666667,81294.0,77124.5,48353.166666666664,40986.333333333336,39608.5,35661.5,70568.66666666667,68185.0,68742.5,43500.166666666664,62853.0,40974.0,54953.333333333336,55983.5,47300.666666666664,47897.5,59530.5,55437.0,75806.83333333333,59533.166666666664,56642.833333333336,55563.833333333336
2022-03-01,122563.66666666667,40144.833333333336,44416.666666666664,60917.0,128765.33333333333,50999.5,111002.33333333333,101072.16666666667,85583.33333333333,114927.66666666667,69952.83333333333,115661.66666666667,38215.5,43852.166666666664,100341.0,62483.166666666664,102411.0,76100.5,42769.166666666664,86662.5,99285.66666666667,98193.66666666667,94046.5,94136.83333333333,89520.5,91160.5,58622.166666666664,87036.83333333333,83865.16666666667,81582.66666666667,49048.666666666664,43847.0,43310.333333333336,38139.833333333336,73091.16666666667,73607.0,72015.33333333333,46059.5,64580.166666666664,39772.833333333336,56649.0,54083.666666666664,48486.666666666664,49014.166666666664,62450.0,58008.166666666664,79125.83333333333,58752.333333333336,58692.666666666664,57967.666666666664
2022-04-01,134196.83333333334,49139.166666666664,52566.666666666664,61853.0,137360.5,73489.83333333333,112203.83333333333,115288.66666666667,104038.0,123409.16666666667,95455.83333333333,122090.66666666667,47932.166666666664,52357.333333333336,113290.83333333333,67235.5,110188.0,97203.83333333333,53160.666666666664,100112.83333333333,106750.33333333333,107227.16666666667,104898.33333333333,102351.33333333333,98901.66666666667,99213.66666666667,64379.333333333336,92354.33333333333,95773.0,89743.33333333333,64139.666666666664,54154.5,51828.833333333336,49267.666666666664,82697.5,82204.83333333333,79892.33333333333,54230.833333333336,71024.83333333333,46901.833333333336,64924.333333333336,55943.166666666664,57281.333333333336,56475.5,71903.33333333333,64708.0,86172.16666666667,61697.833333333336,65564.5,67600.66666666667
2022-05-01,135268.33333333334,49372.833333333336,52846.0,60417.666666666664,136848.5,104849.33333333333,107754.5,122011.0,113083.33333333333,123892.5,107420.66666666667,124530.33333333333,48296.166666666664,53752.666666666664,115154.5,63482.0,109831.83333333333,106035.83333333333,53838.5,101534.33333333333,107827.5,109834.16666666667,103952.5,104395.83333333333,100908.33333333333,94240.5,63463.5,80112.5,95088.33333333333,94566.5,81220.5,56901.333333333336,59200.0,54154.166666666664,83231.83333333333,85178.83333333333,81544.33333333333,55918.0,70093.0,48416.666666666664,63422.833333333336,51386.666666666664,56110.833333333336,61614.666666666664,74534.83333333333,64509.5,90223.16666666667,58162.333333333336,65768.5,68433.0
2022-06-01,139268.83333333334,59506.5,61029.166666666664,90045.33333333333,147563.5,131918.5,109133.5,133566.5,126541.83333333333,132331.0,123172.83333333333,133180.83333333334,59031.666666666664,61155.0,122165.83333333333,70995.83333333333,118957.83333333333,116758.0,60458.833333333336,114707.0,116972.5,119523.83333333333,112659.83333333333,112540.16666666667,108059.5,84014.16666666667,68382.66666666667,69889.16666666667,103407.33333333333,102469.16666666667,97371.0,67365.0,74856.0,69453.16666666667,86075.83333333333,93695.66666666667,91169.5,62480.833333333336,75119.0,55787.166666666664,69635.5,57729.666666666664,64736.0,71039.66666666667,80222.5,71274.16666666667,97113.83333333333,64421.833333333336,69949.0,75280.5
2022-07-01,146948.83333333334,64179.333333333336,66011.83333333333,134351.5,143543.83333333334,144609.0,105254.0,144560.0,133573.5,136773.0,130067.0,141808.66666666666,59854.0,67016.83333333333,127141.0,72123.5,122351.16666666667,124824.33333333333,66385.33333333333,119576.0,122136.16666666667,116311.0,117637.33333333333,116564.66666666667,116704.0,71386.66666666667,70981.66666666667,66852.0,107101.83333333333,108254.16666666667,108743.5,77276.5,86129.83333333333,82372.66666666667,86239.83333333333,100901.5,95692.0,66933.66666666667,79669.0,65221.833333333336,71790.83333333333,63566.0,68153.0,79433.16666666667,86572.5,71935.5,103567.66666666667,66285.0,73384.83333333333,78034.83333333333
2022-08-01,148278.66666666666,66866.83333333333,66834.0,152477.16666666666,131904.0,147662.16666666666,99246.33333333333,147655.33333333334,141094.66666666666,131126.0,135302.5,139323.33333333334,62105.333333333336,68664.83333333333,132642.5,73499.16666666667,121697.83333333333,128669.66666666667,73035.66666666667,120548.83333333333,121734.66666666667,119603.5,118973.66666666667,116349.5,115917.16666666667,70290.33333333333,74399.83333333333,66257.33333333333,109019.66666666667,110362.16666666667,109614.5,84758.66666666667,91231.83333333333,88144.83333333333,74255.0,98895.33333333333,96125.66666666667,67979.33333333333,79273.66666666667,64713.833333333336,72014.0,60371.166666666664,68057.0,81302.0,89214.83333333333,76552.5,103674.83333333333,72550.0,76538.16666666667,83526.33333333333
2022-09-01,144756.33333333334,76919.83333333333,67018.5,153492.83333333334,98358.0,144231.83333333334,89663.66666666667,141299.16666666666,134520.66666666666,106162.33333333333,133746.66666666666,137117.33333333334,60570.5,68455.83333333333,131157.66666666666,69206.5,114752.16666666667,123409.66666666667,73184.0,117493.0,119292.66666666667,98523.83333333333,113362.66666666667,104259.5,110809.66666666667,65343.666666666664,65421.833333333336,65565.66666666667,106476.16666666667,104637.0,107691.5,86124.66666666667,94147.66666666667,87720.16666666667,66977.33333333333,95613.66666666667,94403.33333333333,66203.66666666667,71815.33333333333,61783.166666666664,67731.66666666667,58905.0,65390.166666666664,78857.0,81353.33333333333,70941.66666666667,100320.0,66359.16666666667,73905.83333333333,79348.83333333333
2022-10-01,134271.5,87796.33333333333,64526.333333333336,143991.0,66062.66666666667,130603.5,71660.5,136236.5,126855.0,76810.16666666667,125765.33333333333,126363.66666666667,48368.333333333336,69175.66666666667,119636.33333333333,57799.333333333336,99213.83333333333,114442.0,76195.0,108467.66666666667,107929.16666666667,67186.5,101208.66666666667,75263.5,101963.0,53770.833333333336,57072.0,53539.5,95360.0,96144.66666666667,96381.0,81844.66666666667,83583.16666666667,78612.5,55909.5,86974.83333333333,81167.0,55255.666666666664,60480.666666666664,48841.166666666664,57034.833333333336,49720.166666666664,54676.0,69527.83333333333,73856.5,57720.0,89009.83333333333,57112.5,59872.666666666664,70545.0
2022-11-01,131093.83333333334,102952.16666666667,74860.33333333333,141739.83333333334,52504.5,128952.66666666667,64706.166666666664,133718.83333333334,123561.5,56759.333333333336,122225.5,123274.66666666667,45635.666666666664,81598.83333333333,115208.16666666667,52540.833333333336,93592.5,111777.0,86275.66666666667,104962.0,105223.16666666667,53532.5,90064.83333333333,55846.0,97989.16666666667,48605.5,51705.0,50484.166666666664,94035.5,92468.0,92491.83333333333,79073.0,81727.16666666667,76676.33333333333,53233.0,82614.33333333333,79521.16666666667,52853.666666666664,61362.0,49052.5,53840.833333333336,51856.333333333336,59267.333333333336,67460.0,68881.0,57348.833333333336,85795.66666666667,58736.0,58701.833333333336,66175.33333333333
2022-12-01,123327.33333333333,108980.16666666667,83446.66666666667,134045.5,41026.166666666664,120777.0,54198.666666666664,126005.33333333333,116602.0,42201.0,113650.5,114207.83333333333,40569.666666666664,86792.66666666667,106847.33333333333,44542.333333333336,80847.83333333333,103015.16666666667,86827.83333333333,97530.66666666667,98230.16666666667,42328.166666666664,68054.16666666667,42746.5,89904.33333333333,42105.166666666664,42817.5,41568.833333333336,85174.0,84082.83333333333,84900.0,73586.83333333333,73359.5,69463.5,44970.833333333336,74943.33333333333,70691.66666666667,48168.5,55580.833333333336,47637.5,48698.833333333336,50756.5,65652.5,59162.333333333336,61300.0,50660.166666666664,78315.5,56091.666666666664,51752.0,57401.666666666664
2023-01-01,121331.83333333333,116297.5,95553.66666666667,132239.16666666666,38856.333333333336,119755.16666666667,49230.333333333336,125051.33333333333,115802.16666666667,37529.5,112030.83333333333,112489.33333333333,48607.166666666664,93818.33333333333,105421.5,42062.833333333336,73414.16666666667,101482.33333333333,90494.83333333333,96654.16666666667,96355.66666666667,40208.666666666664,52983.333333333336,40474.666666666664,84283.5,40479.333333333336,40897.5,40492.833333333336,82784.0,83153.16666666667,83405.0,73737.0,72425.33333333333,67820.16666666667,43229.666666666664,72947.66666666667,69063.66666666667,50035.166666666664,56059.833333333336,51190.333333333336,48549.333333333336,54630.333333333336,65035.0,58396.5,59869.5,50709.5,76329.33333333333,58903.166666666664,51885.166666666664,55811.666666666664
2023-02-01,119396.0,119221.33333333333,104418.66666666667,130191.66666666667,36987.5,117987.5,45756.5,123865.0,114507.5,35424.0,110865.0,110894.33333333333,63280.666666666664,97469.16666666667,103781.5,40785.666666666664,67140.83333333333,99434.83333333333,92299.0,94699.0,94759.16666666667,38873.833333333336,44148.5,38901.0,51480.666666666664,38838.833333333336,39430.0,40661.333333333336,67936.0,81133.66666666667,81900.33333333333,73158.16666666667,70393.33333333333,66821.66666666667,42069.5,71484.33333333333,68091.66666666667,52192.166666666664,56511.166666666664,53868.333333333336,49081.166666666664,55973.666666666664,63474.0,57185.166666666664,57959.0,50673.166666666664,74717.5,59839.0,51750.0,53785.666666666664
2023-03-01,124281.83333333333,128669.66666666667,118457.16666666667,136792.0,43218.333333333336,124636.0,51232.5,131483.16666666666,120761.83333333333,41110.333333333336,117139.66666666667,117187.0,85583.5,105641.5,110466.5,47134.333333333336,66770.66666666667,104490.16666666667,100566.66666666667,100262.16666666667,100339.33333333333,45290.333333333336,46792.666666666664,44461.666666666664,45682.333333333336,47064.0,46467.0,52808.833333333336,49940.5,87766.16666666667,87651.0,79918.66666666667,76405.83333333333,72198.83333333333,48339.166666666664,77157.5,74262.83333333333,61858.5,64143.5,61960.5,57134.666666666664,64089.166666666664,69026.66666666667,63562.333333333336,63569.333333333336,58370.333333333336,81333.33333333333,66754.66666666667,60019.666666666664,59480.666666666664
2023-04-01,124967.16666666667,134570.83333333334,126910.0,141012.0,49062.833333333336,128993.66666666667,54879.166666666664,134586.66666666666,124272.16666666667,49736.666666666664,122167.16666666667,120248.66666666667,103221.16666666667,113109.0,113015.5,53074.333333333336,67079.33333333333,107216.0,106811.16666666667,105315.33333333333,104830.33333333333,49066.0,48981.833333333336,48974.666666666664,49441.166666666664,57752.5,50640.833333333336,68222.83333333333,53522.166666666664,92880.0,92334.83333333333,84835.5,81659.0,77442.16666666667,54329.333333333336,82603.33333333333,79761.0,70664.16666666667,70194.0,67408.33333333333,63539.666666666664,69009.66666666667,73495.66666666667,69095.16666666667,67781.66666666667,64492.166666666664,86235.5,71453.33333333333,65116.666666666664,63864.166666666664
2023-05-01,126721.0,140742.16666666666,135180.16666666666,145269.83333333334,58273.166666666664,134601.66666666666,64088.5,140871.5,128264.16666666667,67785.16666666667,126037.66666666667,124941.5,111888.83333333333,118322.83333333333,96570.16666666667,63583.5,68478.5,105813.83333333333,110877.16666666667,109498.0,111988.66666666667,52929.666666666664,53802.166666666664,54531.666666666664,54267.666666666664,72431.5,53978.166666666664,80750.16666666667,55294.166666666664,96029.5,96892.0,88597.33333333333,86191.33333333333,82802.66666666667,64142.5,84960.66666666667,82614.0,77195.33333333333,75291.5,73985.0,70114.66666666667,72747.83333333333,78277.16666666667,75489.66666666667,69926.0,68211.0,88986.66666666667,76271.33333333333,70081.66666666667,67772.66666666667
2023-06-01,125273.0,146112.33333333334,142119.83333333334,151646.5,69022.66666666667,138138.66666666666,132496.0,145162.5,135706.16666666666,97546.5,135360.33333333334,131237.66666666666,123993.0,125802.33333333333,62431.333333333336,77063.33333333333,72617.0,100222.5,116434.5,115476.66666666667,114025.16666666667,59777.5,58966.166666666664,61338.5,59514.5,90961.33333333333,64367.333333333336,94119.66666666667,63593.5,103238.5,103949.83333333333,96414.83333333333,90528.33333333333,87517.33333333333,77283.33333333333,90924.66666666667,91021.83333333333,84727.0,82174.0,79023.66666666667,75562.66666666667,78032.33333333333,87409.16666666667,81105.5,77577.66666666667,76564.16666666667,97753.66666666667,84936.33333333333,77426.33333333333,74656.33333333333
