,pdq,Spdq,aic
614,"(2, 0, 4)","(1, 1, 0, 12)",16.0
1617,"(5, 3, 4)","(0, 1, 1, 12)",22.0
1006,"(3, 2, 5)","(1, 1, 1, 12)",22.0
267,"(0, 5, 3)","(0, 1, 1, 12)",1921.572462825103
215,"(0, 4, 2)","(1, 1, 1, 12)",1922.9947166494142
1668,"(5, 4, 4)","(1, 1, 0, 12)",1923.8715432821637
1665,"(5, 4, 4)","(0, 1, 1, 12)",1923.9100816744658
1090,"(3, 4, 4)","(0, 1, 1, 12)",1924.2967439017707
563,"(1, 5, 4)","(0, 1, 1, 12)",1926.297974789309
1669,"(5, 4, 4)","(1, 1, 1, 12)",1926.3996968578358
223,"(0, 4, 3)","(1, 1, 1, 12)",1926.5103354372366
1094,"(3, 4, 4)","(1, 1, 1, 12)",1927.2491208789038
1381,"(4, 4, 4)","(1, 1, 1, 12)",1927.835337608065
275,"(0, 5, 4)","(0, 1, 1, 12)",1927.9954722065058
214,"(0, 4, 2)","(1, 1, 0, 12)",1928.9824052176048
266,"(0, 5, 3)","(0, 1, 0, 12)",1929.4140289268894
274,"(0, 5, 4)","(0, 1, 0, 12)",1930.9336824567772
447,"(1, 3, 1)","(1, 1, 1, 12)",1931.1703717284372
235,"(0, 4, 5)","(0, 1, 1, 12)",1931.9873764801832
1042,"(3, 3, 4)","(0, 1, 1, 12)",1932.3462714211043
282,"(0, 5, 5)","(0, 1, 0, 12)",1932.969804172069
507,"(1, 4, 3)","(0, 1, 1, 12)",1933.053903519174
562,"(1, 5, 4)","(0, 1, 0, 12)",1933.4136369972
1046,"(3, 3, 4)","(1, 1, 1, 12)",1933.5499953580904
1625,"(5, 3, 5)","(0, 1, 1, 12)",1933.8515818428677
1045,"(3, 3, 4)","(1, 1, 0, 12)",1933.962818704596
1609,"(5, 3, 3)","(0, 1, 1, 12)",1934.3634215102072
163,"(0, 3, 2)","(0, 1, 1, 12)",1935.0144737137707
1376,"(4, 4, 4)","(0, 1, 0, 12)",1935.3522913608988
210,"(0, 4, 2)","(0, 1, 0, 12)",1935.588906277982
158,"(0, 3, 1)","(1, 1, 0, 12)",1935.9244906390527
1089,"(3, 4, 4)","(0, 1, 0, 12)",1935.9251925247297
1093,"(3, 4, 4)","(1, 1, 0, 12)",1936.4237298480064
1380,"(4, 4, 4)","(1, 1, 0, 12)",1936.4385404217503
1613,"(5, 3, 3)","(1, 1, 1, 12)",1936.448868148043
498,"(1, 4, 2)","(0, 1, 0, 12)",1936.9196560174082
1664,"(5, 4, 4)","(0, 1, 0, 12)",1937.1821944528992
806,"(2, 4, 4)","(1, 1, 1, 12)",1937.2761411928095
166,"(0, 3, 2)","(1, 1, 0, 12)",1937.3754966812803
1377,"(4, 4, 4)","(0, 1, 1, 12)",1938.1151039787842
1341,"(4, 3, 5)","(1, 1, 1, 12)",1938.1376920695163
802,"(2, 4, 4)","(0, 1, 1, 12)",1938.4150279504895
183,"(0, 3, 4)","(1, 1, 1, 12)",1938.4819745604589
805,"(2, 4, 4)","(1, 1, 0, 12)",1938.4894247242057
471,"(1, 3, 4)","(1, 1, 1, 12)",1938.8350810234895
1629,"(5, 3, 5)","(1, 1, 1, 12)",1939.3040302117188
159,"(0, 3, 1)","(1, 1, 1, 12)",1939.4079534429347
506,"(1, 4, 3)","(0, 1, 0, 12)",1939.5885359503216
758,"(2, 3, 4)","(1, 1, 1, 12)",1939.7817815532703
1054,"(3, 3, 5)","(1, 1, 1, 12)",1939.798268380674
1340,"(4, 3, 5)","(1, 1, 0, 12)",1939.8751067338287
175,"(0, 3, 3)","(1, 1, 1, 12)",1940.1367996507622
167,"(0, 3, 2)","(1, 1, 1, 12)",1940.1883229998932
1038,"(3, 3, 3)","(1, 1, 1, 12)",1940.2727642883933
1713,"(5, 5, 4)","(0, 1, 1, 12)",1940.4849061101497
155,"(0, 3, 1)","(0, 1, 1, 12)",1940.486963623613
179,"(0, 3, 4)","(0, 1, 1, 12)",1940.6814674058116
455,"(1, 3, 2)","(1, 1, 1, 12)",1940.9590321950684
1325,"(4, 3, 3)","(1, 1, 1, 12)",1941.006799699299
467,"(1, 3, 4)","(0, 1, 1, 12)",1941.0541326772013
463,"(1, 3, 3)","(1, 1, 1, 12)",1941.1677933858557
1716,"(5, 5, 4)","(1, 1, 0, 12)",1941.2308681180962
519,"(1, 4, 4)","(1, 1, 1, 12)",1941.52171982462
154,"(0, 3, 1)","(0, 1, 0, 12)",1941.7426174105087
1102,"(3, 4, 5)","(1, 1, 1, 12)",1941.7535137907805
171,"(0, 3, 3)","(0, 1, 1, 12)",1941.7561789781385
443,"(1, 3, 1)","(0, 1, 1, 12)",1941.9215960921795
191,"(0, 3, 5)","(1, 1, 1, 12)",1941.9670322171921
735,"(2, 3, 1)","(1, 1, 1, 12)",1942.0591282664586
451,"(1, 3, 2)","(0, 1, 1, 12)",1942.1520505776357
766,"(2, 3, 5)","(1, 1, 1, 12)",1942.2283921468252
743,"(2, 3, 2)","(1, 1, 1, 12)",1942.2576827580542
515,"(1, 4, 4)","(0, 1, 1, 12)",1942.2780774777839
751,"(2, 3, 3)","(1, 1, 1, 12)",1942.3453342610421
755,"(2, 3, 4)","(0, 1, 1, 12)",1942.5413817132048
459,"(1, 3, 3)","(0, 1, 1, 12)",1942.5785829855856
182,"(0, 3, 4)","(1, 1, 0, 12)",1942.5901687933538
1050,"(3, 3, 5)","(0, 1, 1, 12)",1942.6387795886726
1033,"(3, 3, 3)","(0, 1, 0, 12)",1942.6630683326357
746,"(2, 3, 3)","(0, 1, 0, 12)",1942.6731097965364
547,"(1, 5, 2)","(0, 1, 1, 12)",1942.8778271524075
1337,"(4, 3, 5)","(0, 1, 1, 12)",1942.8935237886699
1628,"(5, 3, 5)","(1, 1, 0, 12)",1942.9509154656353
1030,"(3, 3, 2)","(1, 1, 1, 12)",1942.9966009798513
479,"(1, 3, 5)","(1, 1, 1, 12)",1943.1084324319725
1034,"(3, 3, 3)","(0, 1, 1, 12)",1943.110682093967
798,"(2, 4, 3)","(1, 1, 1, 12)",1943.1138822060097
1621,"(5, 3, 4)","(1, 1, 1, 12)",1943.1437792342003
1389,"(4, 4, 5)","(1, 1, 1, 12)",1943.1822860340558
162,"(0, 3, 2)","(0, 1, 0, 12)",1943.2360677127301
442,"(1, 3, 1)","(0, 1, 0, 12)",1943.3004073327807
514,"(1, 4, 4)","(0, 1, 0, 12)",1943.3349936858829
174,"(0, 3, 3)","(1, 1, 0, 12)",1943.3357209761139
446,"(1, 3, 1)","(1, 1, 0, 12)",1943.3660196554144
731,"(2, 3, 1)","(0, 1, 1, 12)",1943.4171511406907
801,"(2, 4, 4)","(0, 1, 0, 12)",1943.4825835007825
470,"(1, 3, 4)","(1, 1, 0, 12)",1943.5248930485461
1333,"(4, 3, 4)","(1, 1, 1, 12)",1943.554571994378
739,"(2, 3, 2)","(0, 1, 1, 12)",1943.6372969362974
757,"(2, 3, 4)","(1, 1, 0, 12)",1943.6593695436247
1037,"(3, 3, 3)","(1, 1, 0, 12)",1943.7381159594127
1321,"(4, 3, 3)","(0, 1, 1, 12)",1943.809734099344
187,"(0, 3, 5)","(0, 1, 1, 12)",1943.8682499044264
454,"(1, 3, 2)","(1, 1, 0, 12)",1943.9114157409529
1712,"(5, 5, 4)","(0, 1, 0, 12)",1943.9397280929136
1022,"(3, 3, 1)","(1, 1, 1, 12)",1944.054453633813
227,"(0, 4, 4)","(0, 1, 1, 12)",1944.1553204101442
1317,"(4, 3, 2)","(1, 1, 1, 12)",1944.2450207397553
747,"(2, 3, 3)","(0, 1, 1, 12)",1944.2690627857085
1373,"(4, 4, 3)","(1, 1, 1, 12)",1944.3514183676593
794,"(2, 4, 3)","(0, 1, 1, 12)",1944.367692110146
1577,"(5, 2, 5)","(0, 1, 1, 12)",1944.3753777755094
1605,"(5, 3, 2)","(1, 1, 1, 12)",1944.4191511915208
1677,"(5, 4, 5)","(1, 1, 1, 12)",1944.427805589944
1026,"(3, 3, 2)","(0, 1, 1, 12)",1944.5438835248194
103,"(0, 2, 0)","(1, 1, 1, 12)",1944.6013266383652
462,"(1, 3, 3)","(1, 1, 0, 12)",1944.6437682556518
219,"(0, 4, 3)","(0, 1, 1, 12)",1944.6924378163985
518,"(1, 4, 4)","(1, 1, 0, 12)",1944.7320497902533
1324,"(4, 3, 3)","(1, 1, 0, 12)",1944.8163159831458
511,"(1, 4, 3)","(1, 1, 1, 12)",1944.8536428886785
1661,"(5, 4, 3)","(1, 1, 1, 12)",1944.872283713173
1369,"(4, 4, 3)","(0, 1, 1, 12)",1944.8740813684165
734,"(2, 3, 1)","(1, 1, 0, 12)",1944.8874150239865
475,"(1, 3, 5)","(0, 1, 1, 12)",1945.0252390746286
1385,"(4, 4, 5)","(0, 1, 1, 12)",1945.0492686304754
1329,"(4, 3, 4)","(0, 1, 1, 12)",1945.1034829331809
1101,"(3, 4, 5)","(1, 1, 0, 12)",1945.1040989418686
230,"(0, 4, 4)","(1, 1, 0, 12)",1945.2092805950617
1053,"(3, 3, 5)","(1, 1, 0, 12)",1945.2145267100393
395,"(1, 2, 1)","(0, 1, 1, 12)",1945.313888793878
1018,"(3, 3, 1)","(0, 1, 1, 12)",1945.372420188879
1309,"(4, 3, 1)","(1, 1, 1, 12)",1945.3756942333534
797,"(2, 4, 3)","(1, 1, 0, 12)",1945.4488659703463
1320,"(4, 3, 3)","(0, 1, 0, 12)",1945.452890577543
190,"(0, 3, 5)","(1, 1, 0, 12)",1945.4616261105343
742,"(2, 3, 2)","(1, 1, 0, 12)",1945.5104721949078
762,"(2, 3, 5)","(0, 1, 1, 12)",1945.5303515730293
1657,"(5, 4, 3)","(0, 1, 1, 12)",1945.6073781516645
1425,"(4, 5, 4)","(0, 1, 1, 12)",1945.615853339589
754,"(2, 3, 4)","(0, 1, 0, 12)",1945.6399383207718
1097,"(3, 4, 5)","(0, 1, 0, 12)",1945.6838945365703
222,"(0, 4, 3)","(1, 1, 0, 12)",1945.6989320877626
450,"(1, 3, 2)","(0, 1, 0, 12)",1945.7634664203656
1098,"(3, 4, 5)","(0, 1, 1, 12)",1945.7958689448963
399,"(1, 2, 1)","(1, 1, 1, 12)",1945.821119157528
1328,"(4, 3, 4)","(0, 1, 0, 12)",1945.921840619895
1313,"(4, 3, 2)","(0, 1, 1, 12)",1945.9593201071336
231,"(0, 4, 4)","(1, 1, 1, 12)",1945.9630915260243
750,"(2, 3, 3)","(1, 1, 0, 12)",1946.0010827573417
1049,"(3, 3, 5)","(0, 1, 0, 12)",1946.0052335680457
1597,"(5, 3, 1)","(1, 1, 1, 12)",1946.024954041683
1388,"(4, 4, 5)","(1, 1, 0, 12)",1946.0395832527256
111,"(0, 2, 1)","(1, 1, 1, 12)",1946.0728389961994
1673,"(5, 4, 5)","(0, 1, 1, 12)",1946.1503957801217
1601,"(5, 3, 2)","(0, 1, 1, 12)",1946.318527168544
1428,"(4, 5, 4)","(1, 1, 0, 12)",1946.335262511089
1372,"(4, 4, 3)","(1, 1, 0, 12)",1946.4450844990638
550,"(1, 5, 2)","(1, 1, 0, 12)",1946.5603241656834
1029,"(3, 3, 2)","(1, 1, 0, 12)",1946.5926457187506
1384,"(4, 4, 5)","(0, 1, 0, 12)",1946.6878281094907
510,"(1, 4, 3)","(1, 1, 0, 12)",1946.7125726257782
1721,"(5, 5, 5)","(0, 1, 1, 12)",1946.7385558800293
1305,"(4, 3, 1)","(0, 1, 1, 12)",1946.7729658414096
1021,"(3, 3, 1)","(1, 1, 0, 12)",1946.8596258222694
1332,"(4, 3, 4)","(1, 1, 0, 12)",1946.9651035532272
1424,"(4, 5, 4)","(0, 1, 0, 12)",1946.9779341029898
1717,"(5, 5, 4)","(1, 1, 1, 12)",1947.140416216299
170,"(0, 3, 3)","(0, 1, 0, 12)",1947.185615640278
478,"(1, 3, 5)","(1, 1, 0, 12)",1947.2263634860026
765,"(2, 3, 5)","(1, 1, 0, 12)",1947.3984885585905
178,"(0, 3, 4)","(0, 1, 0, 12)",1947.4380098412416
1660,"(5, 4, 3)","(1, 1, 0, 12)",1947.4389777067595
786,"(2, 4, 2)","(0, 1, 1, 12)",1947.5441788153594
1593,"(5, 3, 1)","(0, 1, 1, 12)",1947.6769739182232
687,"(2, 2, 1)","(1, 1, 1, 12)",1947.69089438274
1612,"(5, 3, 3)","(1, 1, 0, 12)",1947.7229169147543
398,"(1, 2, 1)","(1, 1, 0, 12)",1947.759255657067
407,"(1, 2, 2)","(1, 1, 1, 12)",1947.7960202358734
1336,"(4, 3, 5)","(0, 1, 0, 12)",1947.8725780280456
1041,"(3, 3, 4)","(0, 1, 0, 12)",1947.883723004395
793,"(2, 4, 3)","(0, 1, 0, 12)",1947.9666285116907
810,"(2, 4, 5)","(0, 1, 1, 12)",1948.0421831598792
1316,"(4, 3, 2)","(1, 1, 0, 12)",1948.074736921511
1724,"(5, 5, 5)","(1, 1, 0, 12)",1948.0977211693958
1308,"(4, 3, 1)","(1, 1, 0, 12)",1948.1464642579504
1676,"(5, 4, 5)","(1, 1, 0, 12)",1948.176280084859
391,"(1, 2, 0)","(1, 1, 1, 12)",1948.2724355126172
809,"(2, 4, 5)","(0, 1, 0, 12)",1948.3010500802773
1620,"(5, 3, 4)","(1, 1, 0, 12)",1948.3712341408243
730,"(2, 3, 1)","(0, 1, 0, 12)",1948.385944892484
1604,"(5, 3, 2)","(1, 1, 0, 12)",1948.4272766785984
789,"(2, 4, 2)","(1, 1, 0, 12)",1948.5478800019398
695,"(2, 2, 2)","(1, 1, 1, 12)",1948.566396056251
813,"(2, 4, 5)","(1, 1, 0, 12)",1948.6628525473097
1720,"(5, 5, 5)","(0, 1, 0, 12)",1948.6648595425793
1361,"(4, 4, 2)","(0, 1, 1, 12)",1948.6827755499507
458,"(1, 3, 3)","(0, 1, 0, 12)",1948.969814264918
1596,"(5, 3, 1)","(1, 1, 0, 12)",1949.1729912572648
186,"(0, 3, 5)","(0, 1, 0, 12)",1949.2747927594535
466,"(1, 3, 4)","(0, 1, 0, 12)",1949.3124104266208
790,"(2, 4, 2)","(1, 1, 1, 12)",1949.3239542305346
814,"(2, 4, 5)","(1, 1, 1, 12)",1949.409326263581
1608,"(5, 3, 3)","(0, 1, 0, 12)",1949.4198421461558
503,"(1, 4, 2)","(1, 1, 1, 12)",1949.5264606738049
1624,"(5, 3, 5)","(0, 1, 0, 12)",1949.601014094634
738,"(2, 3, 2)","(0, 1, 0, 12)",1949.6224626232256
1364,"(4, 4, 2)","(1, 1, 0, 12)",1949.6491791996593
974,"(3, 2, 1)","(1, 1, 1, 12)",1949.679151186555
499,"(1, 4, 2)","(0, 1, 1, 12)",1949.7241254551134
683,"(2, 2, 1)","(0, 1, 1, 12)",1949.7495396019222
719,"(2, 2, 5)","(1, 1, 1, 12)",1949.831298245938
403,"(1, 2, 2)","(0, 1, 1, 12)",1949.8341569005545
679,"(2, 2, 0)","(1, 1, 1, 12)",1949.867265911896
982,"(3, 2, 2)","(1, 1, 1, 12)",1950.0833702717966
1573,"(5, 2, 4)","(1, 1, 1, 12)",1950.1282783443642
1368,"(4, 4, 3)","(0, 1, 0, 12)",1950.23275771616
99,"(0, 2, 0)","(0, 1, 1, 12)",1950.2467585655797
119,"(0, 2, 2)","(1, 1, 1, 12)",1950.3525989059883
1017,"(3, 3, 1)","(0, 1, 0, 12)",1950.3757602105936
691,"(2, 2, 2)","(0, 1, 1, 12)",1950.5511135063673
502,"(1, 4, 2)","(1, 1, 0, 12)",1950.6169518544325
785,"(2, 4, 2)","(0, 1, 0, 12)",1950.873202029326
415,"(1, 2, 3)","(1, 1, 1, 12)",1950.9594566200562
1672,"(5, 4, 5)","(0, 1, 0, 12)",1951.0009770620807
211,"(0, 4, 2)","(0, 1, 1, 12)",1951.0125754425083
1429,"(4, 5, 4)","(1, 1, 1, 12)",1951.0463997149961
102,"(0, 2, 0)","(1, 1, 0, 12)",1951.0763224279538
431,"(1, 2, 5)","(1, 1, 1, 12)",1951.1966659957754
1025,"(3, 3, 2)","(0, 1, 0, 12)",1951.2269411760308
423,"(1, 2, 4)","(1, 1, 1, 12)",1951.232316518048
1304,"(4, 3, 1)","(0, 1, 0, 12)",1951.3089831602879
387,"(1, 2, 0)","(0, 1, 1, 12)",1951.3231173116442
1656,"(5, 4, 3)","(0, 1, 0, 12)",1951.42628458231
107,"(0, 2, 1)","(0, 1, 1, 12)",1951.5653178634916
686,"(2, 2, 1)","(1, 1, 0, 12)",1951.6437926302472
406,"(1, 2, 2)","(1, 1, 0, 12)",1951.7193142181716
970,"(3, 2, 1)","(0, 1, 1, 12)",1951.7475673497668
711,"(2, 2, 4)","(1, 1, 1, 12)",1951.9311705861053
966,"(3, 2, 0)","(1, 1, 1, 12)",1951.9750780633426
1360,"(4, 4, 2)","(0, 1, 0, 12)",1952.0891585746626
978,"(3, 2, 2)","(0, 1, 1, 12)",1952.1000334024488
715,"(2, 2, 5)","(0, 1, 1, 12)",1952.2139587663687
474,"(1, 3, 5)","(0, 1, 0, 12)",1952.283500659758
218,"(0, 4, 3)","(0, 1, 0, 12)",1952.3570948787271
1592,"(5, 3, 1)","(0, 1, 0, 12)",1952.5139756737938
226,"(0, 4, 4)","(0, 1, 0, 12)",1952.5193236748694
135,"(0, 2, 4)","(1, 1, 1, 12)",1952.7504842523347
411,"(1, 2, 3)","(0, 1, 1, 12)",1952.7831126612627
998,"(3, 2, 4)","(1, 1, 1, 12)",1952.789639150186
703,"(2, 2, 3)","(1, 1, 1, 12)",1952.7947847348512
143,"(0, 2, 5)","(1, 1, 1, 12)",1952.8085618535183
1312,"(4, 3, 2)","(0, 1, 0, 12)",1952.8588176926519
1253,"(4, 2, 0)","(1, 1, 1, 12)",1952.9183834842463
761,"(2, 3, 5)","(0, 1, 0, 12)",1952.9345514627432
694,"(2, 2, 2)","(1, 1, 0, 12)",1952.9674961884139
1557,"(5, 2, 2)","(1, 1, 1, 12)",1952.971961262493
127,"(0, 2, 3)","(1, 1, 1, 12)",1953.0112124423672
675,"(2, 2, 0)","(0, 1, 1, 12)",1953.0790423826488
1269,"(4, 2, 2)","(1, 1, 1, 12)",1953.1222130306235
986,"(3, 2, 3)","(0, 1, 1, 12)",1953.1814203135134
1600,"(5, 3, 2)","(0, 1, 0, 12)",1953.197703891519
390,"(1, 2, 0)","(1, 1, 0, 12)",1953.3370968750407
115,"(0, 2, 2)","(0, 1, 1, 12)",1953.4010499395026
419,"(1, 2, 4)","(0, 1, 1, 12)",1953.4313670017564
990,"(3, 2, 3)","(1, 1, 1, 12)",1953.4829320634597
110,"(0, 2, 1)","(1, 1, 0, 12)",1953.5434939796062
1653,"(5, 4, 2)","(1, 1, 1, 12)",1953.5498559864732
973,"(3, 2, 1)","(1, 1, 0, 12)",1953.6357909722367
1257,"(4, 2, 1)","(0, 1, 1, 12)",1953.6860881315426
394,"(1, 2, 1)","(0, 1, 0, 12)",1953.7599522740475
1265,"(4, 2, 2)","(0, 1, 1, 12)",1953.9156535030315
707,"(2, 2, 4)","(0, 1, 1, 12)",1953.9246692953777
1541,"(5, 2, 0)","(1, 1, 1, 12)",1953.9585198997975
1581,"(5, 2, 5)","(1, 1, 1, 12)",1953.9722457318876
427,"(1, 2, 5)","(0, 1, 1, 12)",1953.9730374336925
1645,"(5, 4, 1)","(1, 1, 1, 12)",1954.1743049093852
1649,"(5, 4, 2)","(0, 1, 1, 12)",1954.350509472133
1648,"(5, 4, 2)","(0, 1, 0, 12)",1954.367733725336
1261,"(4, 2, 1)","(1, 1, 1, 12)",1954.4331516407408
981,"(3, 2, 2)","(1, 1, 0, 12)",1954.5495280199546
1641,"(5, 4, 1)","(0, 1, 1, 12)",1954.5567237879034
414,"(1, 2, 3)","(1, 1, 0, 12)",1954.5668639439648
1616,"(5, 3, 4)","(0, 1, 0, 12)",1954.6170808944657
699,"(2, 2, 3)","(0, 1, 1, 12)",1954.6801214111965
1002,"(3, 2, 5)","(0, 1, 1, 12)",1954.8039187905147
1134,"(3, 5, 3)","(1, 1, 1, 12)",1954.8478722253728
1433,"(4, 5, 5)","(0, 1, 1, 12)",1954.860704394179
962,"(3, 2, 0)","(0, 1, 1, 12)",1954.9850969827148
1725,"(5, 5, 5)","(1, 1, 1, 12)",1955.046754429803
1277,"(4, 2, 3)","(1, 1, 1, 12)",1955.1021360061773
678,"(2, 2, 0)","(1, 1, 0, 12)",1955.1394884781496
1545,"(5, 2, 1)","(0, 1, 1, 12)",1955.1621112425498
491,"(1, 4, 1)","(0, 1, 1, 12)",1955.2182712707229
1553,"(5, 2, 2)","(0, 1, 1, 12)",1955.2809702734432
422,"(1, 2, 4)","(1, 1, 0, 12)",1955.3064427060312
994,"(3, 2, 4)","(0, 1, 1, 12)",1955.3134633444788
1705,"(5, 5, 3)","(0, 1, 1, 12)",1955.335182115249
1285,"(4, 2, 4)","(1, 1, 1, 12)",1955.385089558397
118,"(0, 2, 2)","(1, 1, 0, 12)",1955.427496651867
1644,"(5, 4, 1)","(1, 1, 0, 12)",1955.67028998183
123,"(0, 2, 3)","(0, 1, 1, 12)",1955.6770474583182
702,"(2, 2, 3)","(1, 1, 0, 12)",1955.7634105588613
1589,"(5, 3, 0)","(1, 1, 1, 12)",1955.8047263078436
1549,"(5, 2, 1)","(1, 1, 1, 12)",1955.837483952145
997,"(3, 2, 4)","(1, 1, 0, 12)",1955.8409042744458
718,"(2, 2, 5)","(1, 1, 0, 12)",1955.8534219568687
1436,"(4, 5, 5)","(1, 1, 0, 12)",1955.8603576747569
1565,"(5, 2, 3)","(1, 1, 1, 12)",1955.8816711067536
131,"(0, 2, 4)","(0, 1, 1, 12)",1955.93842125868
1281,"(4, 2, 4)","(0, 1, 1, 12)",1955.9999318043515
430,"(1, 2, 5)","(1, 1, 0, 12)",1956.0450063672572
1652,"(5, 4, 2)","(1, 1, 0, 12)",1956.0720063739502
1249,"(4, 2, 0)","(0, 1, 1, 12)",1956.1479971287765
1130,"(3, 5, 3)","(0, 1, 1, 12)",1956.2324649707027
989,"(3, 2, 3)","(1, 1, 0, 12)",1956.2409889052706
1005,"(3, 2, 5)","(1, 1, 0, 12)",1956.2864879863102
1709,"(5, 5, 3)","(1, 1, 1, 12)",1956.3024926720213
1001,"(3, 2, 5)","(0, 1, 0, 12)",1956.391120481984
1421,"(4, 5, 3)","(1, 1, 1, 12)",1956.413225390864
402,"(1, 2, 2)","(0, 1, 0, 12)",1956.4215298502052
1561,"(5, 2, 3)","(0, 1, 1, 12)",1956.4444441764558
1268,"(4, 2, 2)","(1, 1, 0, 12)",1956.459226403701
1284,"(4, 2, 4)","(1, 1, 0, 12)",1956.5054102108754
710,"(2, 2, 4)","(1, 1, 0, 12)",1956.520267742748
279,"(0, 5, 4)","(1, 1, 1, 12)",1956.5285879054127
1264,"(4, 2, 2)","(0, 1, 0, 12)",1956.6768703841417
139,"(0, 2, 5)","(0, 1, 1, 12)",1956.7427261912208
1357,"(4, 4, 1)","(1, 1, 1, 12)",1956.780577642076
278,"(0, 5, 4)","(1, 1, 0, 12)",1956.8134677450132
1708,"(5, 5, 3)","(1, 1, 0, 12)",1956.8329171242322
1580,"(5, 2, 5)","(1, 1, 0, 12)",1956.9080471230964
1353,"(4, 4, 1)","(0, 1, 1, 12)",1956.9225237039295
1276,"(4, 2, 3)","(1, 1, 0, 12)",1956.9301804324032
1548,"(5, 2, 1)","(1, 1, 0, 12)",1957.0350338587887
494,"(1, 4, 1)","(1, 1, 0, 12)",1957.056331266727
965,"(3, 2, 0)","(1, 1, 0, 12)",1957.097433761764
98,"(0, 2, 0)","(0, 1, 0, 12)",1957.1546889942576
690,"(2, 2, 2)","(0, 1, 0, 12)",1957.2034983477301
1432,"(4, 5, 5)","(0, 1, 0, 12)",1957.265642021454
1150,"(3, 5, 5)","(1, 1, 1, 12)",1957.2792301414004
1273,"(4, 2, 3)","(0, 1, 1, 12)",1957.292660870951
985,"(3, 2, 3)","(0, 1, 0, 12)",1957.4087876907931
567,"(1, 5, 4)","(1, 1, 1, 12)",1957.4192357275604
1417,"(4, 5, 3)","(0, 1, 1, 12)",1957.429520624727
1078,"(3, 4, 2)","(1, 1, 1, 12)",1957.4878418419778
1537,"(5, 2, 0)","(0, 1, 1, 12)",1957.5087242798359
126,"(0, 2, 3)","(1, 1, 0, 12)",1957.7365487987622
1141,"(3, 5, 4)","(1, 1, 0, 12)",1957.787044562593
1556,"(5, 2, 2)","(1, 1, 0, 12)",1957.8871371934442
1081,"(3, 4, 3)","(0, 1, 0, 12)",1957.9611101067483
134,"(0, 2, 4)","(1, 1, 0, 12)",1957.9612341972884
1356,"(4, 4, 1)","(1, 1, 0, 12)",1957.9765832934006
1133,"(3, 5, 3)","(1, 1, 0, 12)",1958.0272529118704
1365,"(4, 4, 2)","(1, 1, 1, 12)",1958.0888877607165
1252,"(4, 2, 0)","(1, 1, 0, 12)",1958.1082322022328
1569,"(5, 2, 4)","(0, 1, 1, 12)",1958.1203381565392
1280,"(4, 2, 4)","(0, 1, 0, 12)",1958.141840877982
566,"(1, 5, 4)","(1, 1, 0, 12)",1958.3191402769976
969,"(3, 2, 1)","(0, 1, 0, 12)",1958.3689925347949
1129,"(3, 5, 3)","(0, 1, 0, 12)",1958.3978387609322
1420,"(4, 5, 3)","(1, 1, 0, 12)",1958.4020200009227
271,"(0, 5, 3)","(1, 1, 1, 12)",1958.5339198929955
1138,"(3, 5, 4)","(0, 1, 1, 12)",1958.5724299982935
270,"(0, 5, 3)","(1, 1, 0, 12)",1958.7017282410245
1585,"(5, 3, 0)","(0, 1, 1, 12)",1958.720903743235
1074,"(3, 4, 2)","(0, 1, 1, 12)",1958.7629292689182
1568,"(5, 2, 4)","(0, 1, 0, 12)",1958.8196201430505
993,"(3, 2, 4)","(0, 1, 0, 12)",1958.8767453872474
1572,"(5, 2, 4)","(1, 1, 0, 12)",1958.8942127878902
410,"(1, 2, 3)","(0, 1, 0, 12)",1958.965016689171
386,"(1, 2, 0)","(0, 1, 0, 12)",1958.994968155502
106,"(0, 2, 1)","(0, 1, 0, 12)",1959.0198059144575
142,"(0, 2, 5)","(1, 1, 0, 12)",1959.0687375758162
1564,"(5, 2, 3)","(1, 1, 0, 12)",1959.0979526077556
1301,"(4, 3, 0)","(1, 1, 1, 12)",1959.1156858339798
1640,"(5, 4, 1)","(0, 1, 0, 12)",1959.1493086803155
1416,"(4, 5, 3)","(0, 1, 0, 12)",1959.2231364820254
841,"(2, 5, 3)","(0, 1, 0, 12)",1959.3576942921934
1704,"(5, 5, 3)","(0, 1, 0, 12)",1959.4228137854452
1540,"(5, 2, 0)","(1, 1, 0, 12)",1959.6499104115137
1260,"(4, 2, 1)","(1, 1, 0, 12)",1959.7788006388162
418,"(1, 2, 4)","(0, 1, 0, 12)",1959.8339323295456
1137,"(3, 5, 4)","(0, 1, 0, 12)",1959.8651233524859
1070,"(3, 4, 1)","(1, 1, 1, 12)",1959.910245931183
555,"(1, 5, 3)","(0, 1, 1, 12)",1959.9321579573218
1293,"(4, 2, 5)","(1, 1, 1, 12)",1960.1528993362995
977,"(3, 2, 2)","(0, 1, 0, 12)",1960.2098095941874
1066,"(3, 4, 1)","(0, 1, 1, 12)",1960.2784939015255
559,"(1, 5, 3)","(1, 1, 1, 12)",1960.4917928234747
674,"(2, 2, 0)","(0, 1, 0, 12)",1960.5169389750276
114,"(0, 2, 2)","(0, 1, 0, 12)",1960.5359000942171
1588,"(5, 3, 0)","(1, 1, 0, 12)",1960.5952703666273
1077,"(3, 4, 2)","(1, 1, 0, 12)",1960.7277826138225
698,"(2, 2, 3)","(0, 1, 0, 12)",1960.7379859503503
782,"(2, 4, 1)","(1, 1, 1, 12)",1960.8162605643338
1272,"(4, 2, 3)","(0, 1, 0, 12)",1961.0550010688494
1413,"(4, 5, 2)","(1, 1, 1, 12)",1961.1283845737623
426,"(1, 2, 5)","(0, 1, 0, 12)",1961.147109117533
1409,"(4, 5, 2)","(0, 1, 1, 12)",1961.1503147509773
778,"(2, 4, 1)","(0, 1, 1, 12)",1961.410662787591
1352,"(4, 4, 1)","(0, 1, 0, 12)",1961.4588562385095
1085,"(3, 4, 3)","(1, 1, 0, 12)",1961.4939631431548
1297,"(4, 3, 0)","(0, 1, 1, 12)",1961.5845127315247
1142,"(3, 5, 4)","(1, 1, 1, 12)",1961.5974392104563
1069,"(3, 4, 1)","(1, 1, 0, 12)",1961.6800634654755
1412,"(4, 5, 2)","(1, 1, 0, 12)",1961.8430840984665
1701,"(5, 5, 2)","(1, 1, 1, 12)",1961.897781441624
1014,"(3, 3, 0)","(1, 1, 1, 12)",1962.0177264003055
1082,"(3, 4, 3)","(0, 1, 1, 12)",1962.025290738698
1086,"(3, 4, 3)","(1, 1, 1, 12)",1962.035735293492
1576,"(5, 2, 5)","(0, 1, 0, 12)",1962.2003018001626
706,"(2, 2, 4)","(0, 1, 0, 12)",1962.2089989096944
1408,"(4, 5, 2)","(0, 1, 0, 12)",1962.3295370781607
682,"(2, 2, 1)","(0, 1, 0, 12)",1962.4346903804844
961,"(3, 2, 0)","(0, 1, 0, 12)",1962.5382773106849
781,"(2, 4, 1)","(1, 1, 0, 12)",1962.5934277088809
1121,"(3, 5, 2)","(0, 1, 0, 12)",1962.633151139783
1560,"(5, 2, 3)","(0, 1, 0, 12)",1962.6554267542588
122,"(0, 2, 3)","(0, 1, 0, 12)",1962.7664065217084
130,"(0, 2, 4)","(0, 1, 0, 12)",1962.8875363992067
523,"(1, 4, 5)","(0, 1, 1, 12)",1963.0163417519982
1248,"(4, 2, 0)","(0, 1, 0, 12)",1963.0255736775136
1696,"(5, 5, 2)","(0, 1, 0, 12)",1963.1163061015475
1289,"(4, 2, 5)","(0, 1, 1, 12)",1963.162535491323
527,"(1, 4, 5)","(1, 1, 1, 12)",1963.2729639078252
1300,"(4, 3, 0)","(1, 1, 0, 12)",1963.3526144367574
842,"(2, 5, 3)","(0, 1, 1, 12)",1963.5306961250965
1552,"(5, 2, 2)","(0, 1, 0, 12)",1963.5500437703383
846,"(2, 5, 3)","(1, 1, 1, 12)",1963.5578663701986
495,"(1, 4, 1)","(1, 1, 1, 12)",1963.7253363461584
714,"(2, 2, 5)","(0, 1, 0, 12)",1963.8343530352622
526,"(1, 4, 5)","(1, 1, 0, 12)",1963.970498025301
1437,"(4, 5, 5)","(1, 1, 1, 12)",1964.0777857504731
853,"(2, 5, 4)","(1, 1, 0, 12)",1964.2161098556548
845,"(2, 5, 3)","(1, 1, 0, 12)",1964.504588923975
1256,"(4, 2, 1)","(0, 1, 0, 12)",1964.6635493367999
138,"(0, 2, 5)","(0, 1, 0, 12)",1964.710906367091
1536,"(5, 2, 0)","(0, 1, 0, 12)",1964.7570076349796
1010,"(3, 3, 0)","(0, 1, 1, 12)",1965.1657380774727
522,"(1, 4, 5)","(0, 1, 0, 12)",1965.5848878823035
1065,"(3, 4, 1)","(0, 1, 0, 12)",1965.6147499600008
1584,"(5, 3, 0)","(0, 1, 0, 12)",1965.987244040716
490,"(1, 4, 1)","(0, 1, 0, 12)",1966.0608299210876
777,"(2, 4, 1)","(0, 1, 0, 12)",1966.327053974033
1073,"(3, 4, 2)","(0, 1, 0, 12)",1966.4711369113802
1544,"(5, 2, 1)","(0, 1, 0, 12)",1966.5594454396014
838,"(2, 5, 2)","(1, 1, 1, 12)",1966.592530867112
834,"(2, 5, 2)","(0, 1, 1, 12)",1966.9580998570761
727,"(2, 3, 0)","(1, 1, 1, 12)",1967.3845796655705
833,"(2, 5, 2)","(0, 1, 0, 12)",1967.4087603738117
837,"(2, 5, 2)","(1, 1, 0, 12)",1967.5735637571534
1013,"(3, 3, 0)","(1, 1, 0, 12)",1967.767526514112
1288,"(4, 2, 5)","(0, 1, 0, 12)",1968.2283590150685
1296,"(4, 3, 0)","(0, 1, 0, 12)",1968.857077285059
1292,"(4, 2, 5)","(1, 1, 0, 12)",1969.8630232933535
234,"(0, 4, 5)","(0, 1, 0, 12)",1970.4280609503708
655,"(2, 1, 3)","(1, 1, 1, 12)",1970.764620607311
1146,"(3, 5, 5)","(0, 1, 1, 12)",1970.7777775001673
723,"(2, 3, 0)","(0, 1, 1, 12)",1971.3847192960645
262,"(0, 5, 2)","(1, 1, 0, 12)",1971.5445816024812
857,"(2, 5, 5)","(0, 1, 0, 12)",1971.6535075367556
1149,"(3, 5, 5)","(1, 1, 0, 12)",1971.6596215529812
647,"(2, 1, 2)","(1, 1, 1, 12)",1971.6729495590055
1145,"(3, 5, 5)","(0, 1, 0, 12)",1971.704679559054
858,"(2, 5, 5)","(0, 1, 1, 12)",1972.1636122301452
958,"(3, 1, 5)","(1, 1, 1, 12)",1972.3860346163367
934,"(3, 1, 2)","(1, 1, 1, 12)",1972.4293431173019
861,"(2, 5, 5)","(1, 1, 0, 12)",1972.6865177017798
862,"(2, 5, 5)","(1, 1, 1, 12)",1972.9313221967598
726,"(2, 3, 0)","(1, 1, 0, 12)",1973.4649662801532
651,"(2, 1, 3)","(0, 1, 1, 12)",1973.5868719917003
1693,"(5, 5, 1)","(1, 1, 1, 12)",1973.850703843274
1689,"(5, 5, 1)","(0, 1, 1, 12)",1974.0004746994903
1009,"(3, 3, 0)","(0, 1, 0, 12)",1974.4881242762274
930,"(3, 1, 2)","(0, 1, 1, 12)",1974.7438910613323
950,"(3, 1, 4)","(1, 1, 1, 12)",1974.8679662620873
1692,"(5, 5, 1)","(1, 1, 0, 12)",1974.8836555633409
1637,"(5, 4, 0)","(1, 1, 1, 12)",1975.1273225409484
849,"(2, 5, 4)","(0, 1, 0, 12)",1975.2625460865604
643,"(2, 1, 2)","(0, 1, 1, 12)",1975.299331060904
1697,"(5, 5, 2)","(0, 1, 1, 12)",1975.5467900044891
850,"(2, 5, 4)","(0, 1, 1, 12)",1976.0662703266798
1688,"(5, 5, 1)","(0, 1, 0, 12)",1976.6953924749532
258,"(0, 5, 2)","(0, 1, 0, 12)",1976.7745717547684
1633,"(5, 4, 0)","(0, 1, 1, 12)",1976.8944658948278
1700,"(5, 5, 2)","(1, 1, 0, 12)",1977.3638141472538
1237,"(4, 1, 4)","(1, 1, 1, 12)",1977.4670407123012
946,"(3, 1, 4)","(0, 1, 1, 12)",1977.597295937829
954,"(3, 1, 5)","(0, 1, 1, 12)",1977.8044325908083
1636,"(5, 4, 0)","(1, 1, 0, 12)",1978.7168061398347
551,"(1, 5, 2)","(1, 1, 1, 12)",1978.927552957452
722,"(2, 3, 0)","(0, 1, 0, 12)",1979.0736909331883
238,"(0, 4, 5)","(1, 1, 0, 12)",1980.1928416986134
554,"(1, 5, 3)","(0, 1, 0, 12)",1980.4400038971348
239,"(0, 4, 5)","(1, 1, 1, 12)",1980.4613618224673
546,"(1, 5, 2)","(0, 1, 0, 12)",1980.8430890143832
558,"(1, 5, 3)","(1, 1, 0, 12)",1981.110535028136
1233,"(4, 1, 4)","(0, 1, 1, 12)",1981.6894057081074
933,"(3, 1, 2)","(1, 1, 0, 12)",1982.7919694130303
1405,"(4, 5, 1)","(1, 1, 1, 12)",1982.945067724044
1401,"(4, 5, 1)","(0, 1, 1, 12)",1983.4565138239889
854,"(2, 5, 4)","(1, 1, 1, 12)",1983.9131188689978
1525,"(5, 1, 4)","(1, 1, 1, 12)",1984.0897746447847
1404,"(4, 5, 1)","(1, 1, 0, 12)",1984.4095217491704
439,"(1, 3, 0)","(1, 1, 1, 12)",1985.2401492475394
1349,"(4, 4, 0)","(1, 1, 1, 12)",1985.284321198033
1517,"(5, 1, 3)","(1, 1, 1, 12)",1985.3818256142335
1400,"(4, 5, 1)","(0, 1, 0, 12)",1985.6032733724087
207,"(0, 4, 1)","(1, 1, 1, 12)",1985.904687153361
654,"(2, 1, 3)","(1, 1, 0, 12)",1986.205742963664
203,"(0, 4, 1)","(0, 1, 1, 12)",1986.721913202749
1632,"(5, 4, 0)","(0, 1, 0, 12)",1986.9287486314347
1345,"(4, 4, 0)","(0, 1, 1, 12)",1987.2806960953562
435,"(1, 3, 0)","(0, 1, 1, 12)",1987.3975066306514
206,"(0, 4, 1)","(1, 1, 0, 12)",1987.4588891707467
642,"(2, 1, 2)","(0, 1, 0, 12)",1987.686495778053
949,"(3, 1, 4)","(1, 1, 0, 12)",1988.3294025404177
1245,"(4, 1, 5)","(1, 1, 1, 12)",1988.432784571403
646,"(2, 1, 2)","(1, 1, 0, 12)",1988.4449702522347
1501,"(5, 1, 1)","(1, 1, 1, 12)",1988.5357392399771
1241,"(4, 1, 5)","(0, 1, 1, 12)",1988.5587467011765
1497,"(5, 1, 1)","(0, 1, 1, 12)",1988.9776507263275
438,"(1, 3, 0)","(1, 1, 0, 12)",1989.2975740451768
1348,"(4, 4, 0)","(1, 1, 0, 12)",1989.5216465998335
1244,"(4, 1, 5)","(1, 1, 0, 12)",1990.142475260052
1126,"(3, 5, 2)","(1, 1, 1, 12)",1990.4283656739115
1533,"(5, 1, 5)","(1, 1, 1, 12)",1990.4758832841972
351,"(1, 1, 1)","(1, 1, 1, 12)",1990.730274218853
202,"(0, 4, 1)","(0, 1, 0, 12)",1991.551753023805
347,"(1, 1, 1)","(0, 1, 1, 12)",1991.6984663405672
1529,"(5, 1, 5)","(0, 1, 1, 12)",1992.1403176257013
359,"(1, 1, 2)","(1, 1, 1, 12)",1992.1969053598282
1122,"(3, 5, 2)","(0, 1, 1, 12)",1992.40974149903
639,"(2, 1, 1)","(1, 1, 1, 12)",1992.4169067327489
631,"(2, 1, 0)","(1, 1, 1, 12)",1992.4261942310775
918,"(3, 1, 0)","(1, 1, 1, 12)",1992.4634890027976
1062,"(3, 4, 0)","(1, 1, 1, 12)",1992.5690424329607
355,"(1, 1, 2)","(0, 1, 1, 12)",1993.0876032087172
1217,"(4, 1, 2)","(0, 1, 1, 12)",1993.0911318700432
627,"(2, 1, 0)","(0, 1, 1, 12)",1993.1090720023842
938,"(3, 1, 3)","(0, 1, 1, 12)",1993.2472617776434
635,"(2, 1, 1)","(0, 1, 1, 12)",1993.3805264718276
942,"(3, 1, 3)","(1, 1, 1, 12)",1993.3904884229992
1221,"(4, 1, 2)","(1, 1, 1, 12)",1993.4639129429308
914,"(3, 1, 0)","(0, 1, 1, 12)",1993.553749009915
367,"(1, 1, 3)","(1, 1, 1, 12)",1993.9466857569723
1118,"(3, 5, 1)","(1, 1, 1, 12)",1994.175314659143
926,"(3, 1, 1)","(1, 1, 1, 12)",1994.2952169314253
1205,"(4, 1, 0)","(1, 1, 1, 12)",1994.409104085627
1125,"(3, 5, 2)","(1, 1, 0, 12)",1994.4866617234782
1236,"(4, 1, 4)","(1, 1, 0, 12)",1994.6331856105796
1114,"(3, 5, 1)","(0, 1, 1, 12)",1994.6376048233994
363,"(1, 1, 3)","(0, 1, 1, 12)",1994.8263198633292
1213,"(4, 1, 1)","(1, 1, 1, 12)",1994.9720887633785
922,"(3, 1, 1)","(0, 1, 1, 12)",1995.3194170632337
1225,"(4, 1, 3)","(0, 1, 1, 12)",1995.3867398154393
1201,"(4, 1, 0)","(0, 1, 1, 12)",1995.4444938547433
1513,"(5, 1, 3)","(0, 1, 1, 12)",1995.5480879737363
1058,"(3, 4, 0)","(0, 1, 1, 12)",1995.6294299957751
1505,"(5, 1, 2)","(0, 1, 1, 12)",1995.6404678892766
1117,"(3, 5, 1)","(1, 1, 0, 12)",1995.7489694407657
375,"(1, 1, 4)","(1, 1, 1, 12)",1995.8303073621794
1209,"(4, 1, 1)","(0, 1, 1, 12)",1995.8305308532797
1229,"(4, 1, 3)","(1, 1, 1, 12)",1996.0538933855605
1509,"(5, 1, 2)","(1, 1, 1, 12)",1996.2261098410002
1493,"(5, 1, 0)","(1, 1, 1, 12)",1996.4446427232651
371,"(1, 1, 4)","(0, 1, 1, 12)",1996.550875790509
663,"(2, 1, 4)","(1, 1, 1, 12)",1996.6463372761393
659,"(2, 1, 4)","(0, 1, 1, 12)",1997.2648283098342
151,"(0, 3, 0)","(1, 1, 1, 12)",1997.4009608359588
1113,"(3, 5, 1)","(0, 1, 0, 12)",1997.413520992093
1489,"(5, 1, 0)","(0, 1, 1, 12)",1997.4406645698812
1232,"(4, 1, 4)","(0, 1, 0, 12)",1998.0243030670588
434,"(1, 3, 0)","(0, 1, 0, 12)",1998.0380288673798
259,"(0, 5, 2)","(0, 1, 1, 12)",1998.359100040541
1344,"(4, 4, 0)","(0, 1, 0, 12)",1998.374791905644
1061,"(3, 4, 0)","(1, 1, 0, 12)",1998.4704481773388
87,"(0, 1, 4)","(1, 1, 1, 12)",1998.5438489268288
937,"(3, 1, 3)","(0, 1, 0, 12)",1998.5615590863065
83,"(0, 1, 4)","(0, 1, 1, 12)",1998.7331920669506
263,"(0, 5, 2)","(1, 1, 1, 12)",1998.7838115405013
1500,"(5, 1, 1)","(1, 1, 0, 12)",1999.0105150559934
1521,"(5, 1, 4)","(0, 1, 1, 12)",1999.223447986571
286,"(0, 5, 5)","(1, 1, 0, 12)",2000.567055857707
91,"(0, 1, 5)","(0, 1, 1, 12)",2000.6466870096515
95,"(0, 1, 5)","(1, 1, 1, 12)",2000.8310961849334
383,"(1, 1, 5)","(1, 1, 1, 12)",2001.085680540867
79,"(0, 1, 3)","(1, 1, 1, 12)",2001.751204138166
150,"(0, 3, 0)","(1, 1, 0, 12)",2001.7683840674229
830,"(2, 5, 1)","(1, 1, 1, 12)",2001.8610631829147
147,"(0, 3, 0)","(0, 1, 1, 12)",2002.0552459444657
75,"(0, 1, 3)","(0, 1, 1, 12)",2002.1218712154373
826,"(2, 5, 1)","(0, 1, 1, 12)",2002.147421147045
670,"(2, 1, 5)","(1, 1, 0, 12)",2002.5348236525472
379,"(1, 1, 5)","(0, 1, 1, 12)",2002.6698869456397
829,"(2, 5, 1)","(1, 1, 0, 12)",2003.040673447244
350,"(1, 1, 1)","(1, 1, 0, 12)",2003.4017638123416
343,"(1, 1, 0)","(1, 1, 1, 12)",2003.5273365769015
339,"(1, 1, 0)","(0, 1, 1, 12)",2003.9910406261756
941,"(3, 1, 3)","(1, 1, 0, 12)",2004.1896129016968
358,"(1, 1, 2)","(1, 1, 0, 12)",2004.518702300091
1685,"(5, 5, 0)","(1, 1, 1, 12)",2004.7199567937764
1532,"(5, 1, 5)","(1, 1, 0, 12)",2004.8652284091336
571,"(1, 5, 5)","(0, 1, 1, 12)",2005.0154583191215
638,"(2, 1, 1)","(1, 1, 0, 12)",2005.0779217319312
570,"(1, 5, 5)","(0, 1, 0, 12)",2005.1681168697921
630,"(2, 1, 0)","(1, 1, 0, 12)",2005.2650671229808
917,"(3, 1, 0)","(1, 1, 0, 12)",2005.3700668167205
667,"(2, 1, 5)","(0, 1, 1, 12)",2005.4202297026218
574,"(1, 5, 5)","(1, 1, 0, 12)",2005.5003130351545
671,"(2, 1, 5)","(1, 1, 1, 12)",2005.6342983811007
774,"(2, 4, 0)","(1, 1, 1, 12)",2006.0374700859984
366,"(1, 1, 3)","(1, 1, 0, 12)",2006.0609456317327
575,"(1, 5, 5)","(1, 1, 1, 12)",2006.3661256228752
825,"(2, 5, 1)","(0, 1, 0, 12)",2006.4058578921597
1228,"(4, 1, 3)","(1, 1, 0, 12)",2006.427729608883
925,"(3, 1, 1)","(1, 1, 0, 12)",2007.0058614267723
1508,"(5, 1, 2)","(1, 1, 0, 12)",2007.29314163043
1204,"(4, 1, 0)","(1, 1, 0, 12)",2007.3297247796243
1681,"(5, 5, 0)","(0, 1, 1, 12)",2007.3316096469084
146,"(0, 3, 0)","(0, 1, 0, 12)",2007.3845275981687
1516,"(5, 1, 3)","(1, 1, 0, 12)",2007.616579336425
374,"(1, 1, 4)","(1, 1, 0, 12)",2007.6443160861054
1057,"(3, 4, 0)","(0, 1, 0, 12)",2007.8929676006317
542,"(1, 5, 1)","(1, 1, 0, 12)",2008.1636734975486
1220,"(4, 1, 2)","(1, 1, 0, 12)",2008.512419088266
770,"(2, 4, 0)","(0, 1, 1, 12)",2008.627211263088
94,"(0, 1, 5)","(1, 1, 0, 12)",2008.922886299244
1684,"(5, 5, 0)","(1, 1, 0, 12)",2009.3638259481845
1212,"(4, 1, 1)","(1, 1, 0, 12)",2009.4653762817475
1492,"(5, 1, 0)","(1, 1, 0, 12)",2009.4754941754456
67,"(0, 1, 2)","(0, 1, 1, 12)",2009.4995922860815
86,"(0, 1, 4)","(1, 1, 0, 12)",2010.260842526968
662,"(2, 1, 4)","(1, 1, 0, 12)",2010.3014491577471
71,"(0, 1, 2)","(1, 1, 1, 12)",2010.315218576379
773,"(2, 4, 0)","(1, 1, 0, 12)",2010.3588746093608
1524,"(5, 1, 4)","(1, 1, 0, 12)",2012.285395438484
78,"(0, 1, 3)","(1, 1, 0, 12)",2012.803692840504
539,"(1, 5, 1)","(0, 1, 1, 12)",2012.9067200689558
543,"(1, 5, 1)","(1, 1, 1, 12)",2014.1555393583635
1680,"(5, 5, 0)","(0, 1, 0, 12)",2016.1713633820916
382,"(1, 1, 5)","(1, 1, 0, 12)",2016.2378526431078
666,"(2, 1, 5)","(0, 1, 0, 12)",2016.7827719227669
1224,"(4, 1, 3)","(0, 1, 0, 12)",2016.8436117991866
769,"(2, 4, 0)","(0, 1, 0, 12)",2018.0466904337122
342,"(1, 1, 0)","(1, 1, 0, 12)",2018.8191427408717
70,"(0, 1, 2)","(1, 1, 0, 12)",2019.4334483512323
1216,"(4, 1, 2)","(0, 1, 0, 12)",2019.6584590882476
1504,"(5, 1, 2)","(0, 1, 0, 12)",2021.7909907931037
59,"(0, 1, 1)","(0, 1, 1, 12)",2022.4549889909224
90,"(0, 1, 5)","(0, 1, 0, 12)",2022.4941256516365
957,"(3, 1, 5)","(1, 1, 0, 12)",2022.526203786732
538,"(1, 5, 1)","(0, 1, 0, 12)",2022.7398964338563
63,"(0, 1, 1)","(1, 1, 1, 12)",2023.4854063509235
346,"(1, 1, 1)","(0, 1, 0, 12)",2023.7232804066825
1397,"(4, 5, 0)","(1, 1, 1, 12)",2024.2969292377925
354,"(1, 1, 2)","(0, 1, 0, 12)",2024.3797019192511
1512,"(5, 1, 3)","(0, 1, 0, 12)",2024.4764226749996
1520,"(5, 1, 4)","(0, 1, 0, 12)",2024.6139809866381
362,"(1, 1, 3)","(0, 1, 0, 12)",2025.3583295445856
945,"(3, 1, 4)","(0, 1, 0, 12)",2025.4052191902474
634,"(2, 1, 1)","(0, 1, 0, 12)",2025.447920303818
913,"(3, 1, 0)","(0, 1, 0, 12)",2025.5157828847894
82,"(0, 1, 4)","(0, 1, 0, 12)",2025.9496909642914
74,"(0, 1, 3)","(0, 1, 0, 12)",2026.134363244319
921,"(3, 1, 1)","(0, 1, 0, 12)",2026.9993187125945
370,"(1, 1, 4)","(0, 1, 0, 12)",2027.0170935095925
650,"(2, 1, 3)","(0, 1, 0, 12)",2027.3090702139452
1200,"(4, 1, 0)","(0, 1, 0, 12)",2027.6748912585954
626,"(2, 1, 0)","(0, 1, 0, 12)",2027.8782853001796
1393,"(4, 5, 0)","(0, 1, 1, 12)",2028.0106517071115
929,"(3, 1, 2)","(0, 1, 0, 12)",2028.2592444270786
1488,"(5, 1, 0)","(0, 1, 0, 12)",2029.847239373169
1208,"(4, 1, 1)","(0, 1, 0, 12)",2029.9154173242148
658,"(2, 1, 4)","(0, 1, 0, 12)",2029.9563400488246
1496,"(5, 1, 1)","(0, 1, 0, 12)",2031.300475099324
1396,"(4, 5, 0)","(1, 1, 0, 12)",2031.4837461715592
1240,"(4, 1, 5)","(0, 1, 0, 12)",2032.2047714426956
66,"(0, 1, 2)","(0, 1, 0, 12)",2032.4162231868386
62,"(0, 1, 1)","(1, 1, 0, 12)",2034.0448082942044
1528,"(5, 1, 5)","(0, 1, 0, 12)",2034.438523053508
55,"(0, 1, 0)","(1, 1, 1, 12)",2037.8946274321731
378,"(1, 1, 5)","(0, 1, 0, 12)",2040.3963088697922
1392,"(4, 5, 0)","(0, 1, 0, 12)",2040.9406181107665
487,"(1, 4, 0)","(1, 1, 1, 12)",2040.9637545937503
483,"(1, 4, 0)","(0, 1, 1, 12)",2041.1715013766723
51,"(0, 1, 0)","(0, 1, 1, 12)",2041.2832567983937
1110,"(3, 5, 0)","(1, 1, 1, 12)",2041.3653161188433
486,"(1, 4, 0)","(1, 1, 0, 12)",2043.0656486210767
953,"(3, 1, 5)","(0, 1, 0, 12)",2043.661975331872
1106,"(3, 5, 0)","(0, 1, 1, 12)",2043.7522440398627
58,"(0, 1, 1)","(0, 1, 0, 12)",2044.173981100339
338,"(1, 1, 0)","(0, 1, 0, 12)",2045.0015453130036
1109,"(3, 5, 0)","(1, 1, 0, 12)",2046.4664690913457
283,"(0, 5, 5)","(0, 1, 1, 12)",2054.3895094333657
287,"(0, 5, 5)","(1, 1, 1, 12)",2056.115779510894
482,"(1, 4, 0)","(0, 1, 0, 12)",2056.207527000669
1105,"(3, 5, 0)","(0, 1, 0, 12)",2058.460312308574
54,"(0, 1, 0)","(1, 1, 0, 12)",2060.544253477946
822,"(2, 5, 0)","(1, 1, 1, 12)",2065.285488670619
818,"(2, 5, 0)","(0, 1, 1, 12)",2065.5744016289104
821,"(2, 5, 0)","(1, 1, 0, 12)",2066.4885663851887
251,"(0, 5, 1)","(0, 1, 1, 12)",2066.7241007275125
254,"(0, 5, 1)","(1, 1, 0, 12)",2067.331403432552
250,"(0, 5, 1)","(0, 1, 0, 12)",2070.5928972379656
255,"(0, 5, 1)","(1, 1, 1, 12)",2071.5958834534586
50,"(0, 1, 0)","(0, 1, 0, 12)",2073.0353738956096
619,"(2, 0, 5)","(0, 1, 1, 12)",2076.3629362152346
817,"(2, 5, 0)","(0, 1, 0, 12)",2077.8990674377214
199,"(0, 4, 0)","(1, 1, 1, 12)",2078.8236304148154
198,"(0, 4, 0)","(1, 1, 0, 12)",2083.6586905075133
195,"(0, 4, 0)","(0, 1, 1, 12)",2084.267045522329
591,"(2, 0, 1)","(1, 1, 1, 12)",2085.950231558286
590,"(2, 0, 1)","(1, 1, 0, 12)",2087.3118768485842
599,"(2, 0, 2)","(1, 1, 1, 12)",2087.7875246771664
878,"(3, 0, 1)","(1, 1, 1, 12)",2088.201232292158
587,"(2, 0, 1)","(0, 1, 1, 12)",2088.267627545099
598,"(2, 0, 2)","(1, 1, 0, 12)",2089.175216054621
194,"(0, 4, 0)","(0, 1, 0, 12)",2089.238368565803
877,"(3, 0, 1)","(1, 1, 0, 12)",2089.2425566942366
1165,"(4, 0, 1)","(1, 1, 0, 12)",2090.852052889551
595,"(2, 0, 2)","(0, 1, 1, 12)",2091.1816170808256
882,"(3, 0, 2)","(0, 1, 1, 12)",2091.2980698605998
607,"(2, 0, 3)","(1, 1, 1, 12)",2094.712185958368
311,"(1, 0, 2)","(1, 1, 1, 12)",2095.0522403470686
303,"(1, 0, 1)","(1, 1, 1, 12)",2095.0964393283944
295,"(1, 0, 0)","(1, 1, 1, 12)",2096.0660646771353
319,"(1, 0, 3)","(1, 1, 1, 12)",2096.5599597001637
327,"(1, 0, 4)","(1, 1, 1, 12)",2097.049930909734
603,"(2, 0, 3)","(0, 1, 1, 12)",2097.2508418690977
874,"(3, 0, 1)","(0, 1, 1, 12)",2098.2181815885406
335,"(1, 0, 5)","(1, 1, 1, 12)",2098.385022827617
586,"(2, 0, 1)","(0, 1, 0, 12)",2099.0040404533843
1453,"(5, 0, 1)","(1, 1, 1, 12)",2100.4917759213804
594,"(2, 0, 2)","(0, 1, 0, 12)",2100.8461373984383
873,"(3, 0, 1)","(0, 1, 0, 12)",2100.8768736883962
583,"(2, 0, 0)","(1, 1, 1, 12)",2101.2992945276897
606,"(2, 0, 3)","(1, 1, 0, 12)",2101.4339543572414
531,"(1, 5, 0)","(0, 1, 1, 12)",2101.5380474586395
1452,"(5, 0, 1)","(1, 1, 0, 12)",2102.3081640563328
534,"(1, 5, 0)","(1, 1, 0, 12)",2102.3896860647214
535,"(1, 5, 0)","(1, 1, 1, 12)",2102.877116663433
610,"(2, 0, 4)","(0, 1, 0, 12)",2102.98621875161
1166,"(4, 0, 1)","(1, 1, 1, 12)",2103.5359020212245
1158,"(4, 0, 0)","(1, 1, 1, 12)",2104.1438954350233
1444,"(5, 0, 0)","(1, 1, 0, 12)",2104.228750143271
866,"(3, 0, 0)","(0, 1, 1, 12)",2105.2352403566315
1441,"(5, 0, 0)","(0, 1, 1, 12)",2105.642791956053
1157,"(4, 0, 0)","(1, 1, 0, 12)",2105.9438825037664
323,"(1, 0, 4)","(0, 1, 1, 12)",2106.1157223659834
869,"(3, 0, 0)","(1, 1, 0, 12)",2106.5093842277474
579,"(2, 0, 0)","(0, 1, 1, 12)",2106.666881368101
307,"(1, 0, 2)","(0, 1, 1, 12)",2106.8371873709366
299,"(1, 0, 1)","(0, 1, 1, 12)",2106.859912461432
315,"(1, 0, 3)","(0, 1, 1, 12)",2107.374700715202
291,"(1, 0, 0)","(0, 1, 1, 12)",2107.6950356764746
331,"(1, 0, 5)","(0, 1, 1, 12)",2107.752376695223
272,"(0, 5, 4)","(0, 0, 0, 12)",2108.1687630371707
1161,"(4, 0, 1)","(0, 1, 0, 12)",2108.7517725644752
1154,"(4, 0, 0)","(0, 1, 1, 12)",2109.0176996778873
152,"(0, 3, 1)","(0, 0, 0, 12)",2109.787129056651
264,"(0, 5, 3)","(0, 0, 0, 12)",2109.9188023939587
582,"(2, 0, 0)","(1, 1, 0, 12)",2111.2656407101845
265,"(0, 5, 3)","(0, 0, 1, 12)",2111.405759602321
440,"(1, 3, 1)","(0, 0, 0, 12)",2111.757206869506
160,"(0, 3, 2)","(0, 0, 0, 12)",2111.7655178650602
153,"(0, 3, 1)","(0, 0, 1, 12)",2111.786494541152
448,"(1, 3, 2)","(0, 0, 0, 12)",2111.786872729937
870,"(3, 0, 0)","(1, 1, 1, 12)",2112.456714991528
602,"(2, 0, 3)","(0, 1, 0, 12)",2113.234140229596
157,"(0, 3, 1)","(1, 0, 1, 12)",2113.7923682937417
759,"(2, 3, 5)","(0, 0, 0, 12)",2114.145094643029
326,"(1, 0, 4)","(1, 1, 0, 12)",2114.3562507045817
745,"(2, 3, 3)","(0, 0, 1, 12)",2114.8585095883186
334,"(1, 0, 5)","(1, 1, 0, 12)",2115.110256567581
1318,"(4, 3, 3)","(0, 0, 0, 12)",2115.3976054225404
176,"(0, 3, 4)","(0, 0, 0, 12)",2115.4865296587313
168,"(0, 3, 3)","(0, 0, 0, 12)",2115.5457625133477
156,"(0, 3, 1)","(1, 0, 0, 12)",2115.814997107161
760,"(2, 3, 5)","(0, 0, 1, 12)",2115.9284252744983
763,"(2, 3, 5)","(1, 0, 0, 12)",2115.9297080803926
464,"(1, 3, 4)","(0, 0, 0, 12)",2116.0466836865135
456,"(1, 3, 3)","(0, 0, 0, 12)",2116.286869807257
1162,"(4, 0, 1)","(0, 1, 1, 12)",2116.3508237850847
1618,"(5, 3, 4)","(1, 0, 0, 12)",2116.565815706075
752,"(2, 3, 4)","(0, 0, 0, 12)",2116.783077811678
736,"(2, 3, 2)","(0, 0, 0, 12)",2116.7869366091495
1322,"(4, 3, 3)","(1, 0, 0, 12)",2116.800814823159
1606,"(5, 3, 3)","(0, 0, 0, 12)",2116.8413741650947
744,"(2, 3, 3)","(0, 0, 0, 12)",2116.84264452461
452,"(1, 3, 2)","(1, 0, 0, 12)",2116.9429206562036
449,"(1, 3, 2)","(0, 0, 1, 12)",2116.9495322396547
1614,"(5, 3, 4)","(0, 0, 0, 12)",2116.9593357917724
728,"(2, 3, 1)","(0, 0, 0, 12)",2117.1098939449384
164,"(0, 3, 2)","(1, 0, 0, 12)",2117.168404037124
161,"(0, 3, 2)","(0, 0, 1, 12)",2117.168947663903
764,"(2, 3, 5)","(1, 0, 1, 12)",2117.1732997933996
1040,"(3, 3, 4)","(0, 0, 1, 12)",2117.305829215466
1319,"(4, 3, 3)","(0, 0, 1, 12)",2117.354731926424
180,"(0, 3, 4)","(1, 0, 0, 12)",2117.48318953682
177,"(0, 3, 4)","(0, 0, 1, 12)",2117.4834112883914
172,"(0, 3, 3)","(1, 0, 0, 12)",2117.543375373875
169,"(0, 3, 3)","(0, 0, 1, 12)",2117.543539749683
1043,"(3, 3, 4)","(1, 0, 0, 12)",2117.6484908101206
444,"(1, 3, 1)","(1, 0, 0, 12)",2117.765807934179
441,"(1, 3, 1)","(0, 0, 1, 12)",2117.7658122604894
468,"(1, 3, 4)","(1, 0, 0, 12)",2117.8980330752497
465,"(1, 3, 4)","(0, 0, 1, 12)",2117.909047357266
1326,"(4, 3, 4)","(0, 0, 0, 12)",2117.963537751762
460,"(1, 3, 3)","(1, 0, 0, 12)",2118.172965684592
457,"(1, 3, 3)","(0, 0, 1, 12)",2118.1823890356045
748,"(2, 3, 3)","(1, 0, 0, 12)",2118.2305630824844
184,"(0, 3, 5)","(0, 0, 0, 12)",2118.2493132695704
472,"(1, 3, 5)","(0, 0, 0, 12)",2118.389522988899
1607,"(5, 3, 3)","(0, 0, 1, 12)",2118.652779704701
740,"(2, 3, 2)","(1, 0, 0, 12)",2118.656175995526
737,"(2, 3, 2)","(0, 0, 1, 12)",2118.666025391141
1023,"(3, 3, 2)","(0, 0, 0, 12)",2118.688063154938
453,"(1, 3, 2)","(1, 0, 1, 12)",2118.6907618106784
1619,"(5, 3, 4)","(1, 0, 1, 12)",2118.775802670244
530,"(1, 5, 0)","(0, 1, 0, 12)",2118.779423130033
1327,"(4, 3, 4)","(0, 0, 1, 12)",2118.8815360131257
165,"(0, 3, 2)","(1, 0, 1, 12)",2118.9366924206465
1610,"(5, 3, 3)","(1, 0, 0, 12)",2119.071318189457
1015,"(3, 3, 1)","(0, 0, 0, 12)",2119.094047782479
310,"(1, 0, 2)","(1, 1, 0, 12)",2119.09483988215
732,"(2, 3, 1)","(1, 0, 0, 12)",2119.1077981486496
729,"(2, 3, 1)","(0, 0, 1, 12)",2119.1079477246067
1330,"(4, 3, 4)","(1, 0, 0, 12)",2119.1094809153897
181,"(0, 3, 4)","(1, 0, 1, 12)",2119.203646252825
1031,"(3, 3, 3)","(0, 0, 0, 12)",2119.2205663067184
1662,"(5, 4, 4)","(0, 0, 0, 12)",2119.295890206844
173,"(0, 3, 3)","(1, 0, 1, 12)",2119.350369533662
318,"(1, 0, 3)","(1, 1, 0, 12)",2119.3673702924752
1334,"(4, 3, 5)","(0, 0, 0, 12)",2119.479238240451
469,"(1, 3, 4)","(1, 0, 1, 12)",2119.5429945290243
445,"(1, 3, 1)","(1, 0, 1, 12)",2119.5548511345182
461,"(1, 3, 3)","(1, 0, 1, 12)",2119.8422222908603
749,"(2, 3, 3)","(1, 0, 1, 12)",2119.981564732396
1039,"(3, 3, 4)","(0, 0, 0, 12)",2120.1534760118707
756,"(2, 3, 4)","(1, 0, 0, 12)",2120.1682507831492
476,"(1, 3, 5)","(1, 0, 0, 12)",2120.2031696150143
473,"(1, 3, 5)","(0, 0, 1, 12)",2120.2183283550135
188,"(0, 3, 5)","(1, 0, 0, 12)",2120.2462024449183
185,"(0, 3, 5)","(0, 0, 1, 12)",2120.2464160426225
1323,"(4, 3, 3)","(1, 0, 1, 12)",2120.3399128851624
741,"(2, 3, 2)","(1, 0, 1, 12)",2120.3470457481967
1310,"(4, 3, 2)","(0, 0, 0, 12)",2120.499626102327
1024,"(3, 3, 2)","(0, 0, 1, 12)",2120.5067139559155
1027,"(3, 3, 2)","(1, 0, 0, 12)",2120.563348005836
392,"(1, 2, 1)","(0, 0, 0, 12)",2120.6448507324267
733,"(2, 3, 1)","(1, 0, 1, 12)",2120.8698057392253
1036,"(3, 3, 3)","(1, 0, 1, 12)",2120.8707549352343
1302,"(4, 3, 1)","(0, 0, 0, 12)",2120.8821109212745
1590,"(5, 3, 1)","(0, 0, 0, 12)",2121.043904296686
753,"(2, 3, 4)","(0, 0, 1, 12)",2121.047015691286
1019,"(3, 3, 1)","(1, 0, 0, 12)",2121.0916753939327
1016,"(3, 3, 1)","(0, 0, 1, 12)",2121.091851050295
1047,"(3, 3, 5)","(0, 0, 0, 12)",2121.50490039698
1666,"(5, 4, 4)","(1, 0, 0, 12)",2121.5224679756825
967,"(3, 2, 1)","(0, 0, 0, 12)",2121.650202190167
1457,"(5, 0, 2)","(0, 1, 1, 12)",2121.7362304291673
1448,"(5, 0, 1)","(0, 1, 0, 12)",2121.826937350503
1598,"(5, 3, 2)","(0, 0, 0, 12)",2121.8387851507305
1382,"(4, 4, 5)","(0, 0, 0, 12)",2121.8460681116294
477,"(1, 3, 5)","(1, 0, 1, 12)",2121.9076038433955
512,"(1, 4, 4)","(0, 0, 0, 12)",2121.937630354244
189,"(0, 3, 5)","(1, 0, 1, 12)",2122.0030922950245
408,"(1, 2, 3)","(0, 0, 0, 12)",2122.035259281683
1663,"(5, 4, 4)","(0, 0, 1, 12)",2122.0370923177697
1035,"(3, 3, 3)","(1, 0, 0, 12)",2122.1823993334833
1032,"(3, 3, 3)","(0, 0, 1, 12)",2122.18391401636
1028,"(3, 3, 2)","(1, 0, 1, 12)",2122.253710598836
224,"(0, 4, 4)","(0, 0, 0, 12)",2122.309361814847
1314,"(4, 3, 2)","(1, 0, 0, 12)",2122.354162325757
1311,"(4, 3, 2)","(0, 0, 1, 12)",2122.3659048696536
1282,"(4, 2, 4)","(1, 0, 0, 12)",2122.6763262366076
1051,"(3, 3, 5)","(1, 0, 0, 12)",2122.8148696496155
1020,"(3, 3, 1)","(1, 0, 1, 12)",2122.8643175122916
1254,"(4, 2, 1)","(0, 0, 0, 12)",2122.87714903379
1306,"(4, 3, 1)","(1, 0, 0, 12)",2122.879852923276
1303,"(4, 3, 1)","(0, 0, 1, 12)",2122.8800049114957
1594,"(5, 3, 1)","(1, 0, 0, 12)",2123.033032888906
1591,"(5, 3, 1)","(0, 0, 1, 12)",2123.0337409249496
1542,"(5, 2, 1)","(0, 0, 0, 12)",2123.0932860696053
396,"(1, 2, 1)","(1, 0, 0, 12)",2123.116888597621
393,"(1, 2, 1)","(0, 0, 1, 12)",2123.117492842383
302,"(1, 0, 1)","(1, 1, 0, 12)",2123.159627541772
416,"(1, 2, 4)","(0, 0, 0, 12)",2123.287966052472
96,"(0, 2, 0)","(0, 0, 0, 12)",2123.3235298658465
520,"(1, 4, 5)","(0, 0, 0, 12)",2123.33862615458
1667,"(5, 4, 4)","(1, 0, 1, 12)",2123.341858536857
1048,"(3, 3, 5)","(0, 0, 1, 12)",2123.355838254739
1566,"(5, 2, 4)","(0, 0, 0, 12)",2123.556736630766
1335,"(4, 3, 5)","(0, 0, 1, 12)",2123.5784136769953
975,"(3, 2, 2)","(0, 0, 0, 12)",2123.587512732699
968,"(3, 2, 1)","(0, 0, 1, 12)",2123.6197594555483
1574,"(5, 2, 5)","(0, 0, 0, 12)",2123.640217236092
1602,"(5, 3, 2)","(1, 0, 0, 12)",2123.657014125881
1599,"(5, 3, 2)","(0, 0, 1, 12)",2123.670536648342
1044,"(3, 3, 4)","(1, 0, 1, 12)",2123.7386592200846
1550,"(5, 2, 2)","(0, 0, 0, 12)",2123.8371547643465
1331,"(4, 3, 4)","(1, 0, 1, 12)",2123.980457687934
696,"(2, 2, 3)","(0, 0, 0, 12)",2123.9812021603007
412,"(1, 2, 3)","(1, 0, 0, 12)",2124.017989347668
409,"(1, 2, 3)","(0, 0, 1, 12)",2124.020329125362
1615,"(5, 3, 4)","(0, 0, 1, 12)",2124.0399732632395
1315,"(4, 3, 2)","(1, 0, 1, 12)",2124.0751384135024
216,"(0, 4, 3)","(0, 0, 0, 12)",2124.100735963172
1278,"(4, 2, 4)","(0, 0, 0, 12)",2124.145321771518
424,"(1, 2, 5)","(0, 0, 0, 12)",2124.1664201650183
1088,"(3, 4, 4)","(0, 0, 1, 12)",2124.1733214256637
1374,"(4, 4, 4)","(0, 0, 0, 12)",2124.191565088916
516,"(1, 4, 4)","(1, 0, 0, 12)",2124.193913444507
228,"(0, 4, 4)","(1, 0, 0, 12)",2124.2362082394543
225,"(0, 4, 4)","(0, 0, 1, 12)",2124.2416869310555
1262,"(4, 2, 2)","(0, 0, 0, 12)",2124.335534572567
1339,"(4, 3, 5)","(1, 0, 1, 12)",2124.370542845371
1338,"(4, 3, 5)","(1, 0, 0, 12)",2124.3977066321295
987,"(3, 2, 3)","(1, 0, 0, 12)",2124.433314555776
513,"(1, 4, 4)","(0, 0, 1, 12)",2124.468483564041
1378,"(4, 4, 4)","(1, 0, 0, 12)",2124.5806463481304
1449,"(5, 0, 1)","(0, 1, 1, 12)",2124.581050390206
1570,"(5, 2, 4)","(1, 0, 0, 12)",2124.6236829618024
1279,"(4, 2, 4)","(0, 0, 1, 12)",2124.63069409831
1375,"(4, 4, 4)","(0, 0, 1, 12)",2124.705865448861
1307,"(4, 3, 1)","(1, 0, 1, 12)",2124.723578876003
1595,"(5, 3, 1)","(1, 0, 1, 12)",2124.783316557458
983,"(3, 2, 3)","(0, 0, 0, 12)",2124.820835753316
1258,"(4, 2, 1)","(1, 0, 0, 12)",2124.8365510586727
984,"(3, 2, 3)","(0, 0, 1, 12)",2124.839023691613
1255,"(4, 2, 1)","(0, 0, 1, 12)",2124.8391075836407
397,"(1, 2, 1)","(1, 0, 1, 12)",2124.8541242349975
1283,"(4, 2, 4)","(1, 0, 1, 12)",2124.908549886125
807,"(2, 4, 5)","(0, 0, 0, 12)",2124.9536353651656
1052,"(3, 3, 5)","(1, 0, 1, 12)",2124.957543580075
1546,"(5, 2, 1)","(1, 0, 0, 12)",2124.9902704280526
1611,"(5, 3, 3)","(1, 0, 1, 12)",2124.993877430216
1543,"(5, 2, 1)","(0, 0, 1, 12)",2124.997011692428
704,"(2, 2, 4)","(0, 0, 0, 12)",2125.034347153397
712,"(2, 2, 5)","(0, 0, 0, 12)",2125.079098061205
420,"(1, 2, 4)","(1, 0, 0, 12)",2125.2654647030686
417,"(1, 2, 4)","(0, 0, 1, 12)",2125.26690835231
384,"(1, 2, 0)","(0, 0, 0, 12)",2125.3046397663497
524,"(1, 4, 5)","(1, 0, 0, 12)",2125.305539220144
104,"(0, 2, 1)","(0, 0, 0, 12)",2125.3174665953957
1092,"(3, 4, 4)","(1, 0, 1, 12)",2125.330699279598
979,"(3, 2, 2)","(1, 0, 0, 12)",2125.3816066647864
1603,"(5, 3, 2)","(1, 0, 1, 12)",2125.394618139522
976,"(3, 2, 2)","(0, 0, 1, 12)",2125.3968396602218
1554,"(5, 2, 2)","(1, 0, 0, 12)",2125.4212279484177
521,"(1, 4, 5)","(0, 0, 1, 12)",2125.426516563245
1551,"(5, 2, 2)","(0, 0, 1, 12)",2125.4499879683517
1622,"(5, 3, 5)","(0, 0, 0, 12)",2125.4755965264712
100,"(0, 2, 0)","(1, 0, 0, 12)",2125.496912472744
972,"(3, 2, 1)","(1, 0, 1, 12)",2125.6398906600934
413,"(1, 2, 3)","(1, 0, 1, 12)",2125.7047333854302
97,"(0, 2, 0)","(0, 0, 1, 12)",2125.7190964905935
229,"(0, 4, 4)","(1, 0, 1, 12)",2125.781381183528
991,"(3, 2, 4)","(0, 0, 0, 12)",2125.782917502346
700,"(2, 2, 3)","(1, 0, 0, 12)",2125.7942951897835
697,"(2, 2, 3)","(0, 0, 1, 12)",2125.8211709131538
1170,"(4, 0, 2)","(0, 1, 1, 12)",2125.845031226919
1571,"(5, 2, 4)","(1, 0, 1, 12)",2125.8574997652363
1654,"(5, 4, 3)","(0, 0, 0, 12)",2126.036365308377
1567,"(5, 2, 4)","(0, 0, 1, 12)",2126.059727949547
428,"(1, 2, 5)","(1, 0, 0, 12)",2126.1128464858425
425,"(1, 2, 5)","(0, 0, 1, 12)",2126.116261373096
1266,"(4, 2, 2)","(1, 0, 0, 12)",2126.1400467356525
1263,"(4, 2, 2)","(0, 0, 1, 12)",2126.154233068599
1558,"(5, 2, 3)","(0, 0, 0, 12)",2126.161858111483
999,"(3, 2, 5)","(0, 0, 0, 12)",2126.3989638813914
865,"(3, 0, 0)","(0, 1, 0, 12)",2126.4146018370907
808,"(2, 4, 5)","(0, 0, 1, 12)",2126.514059655603
1087,"(3, 4, 4)","(0, 0, 0, 12)",2126.53348010446
232,"(0, 4, 5)","(0, 0, 0, 12)",2126.5539740923186
1259,"(4, 2, 1)","(1, 0, 1, 12)",2126.559456918515
672,"(2, 2, 0)","(0, 0, 0, 12)",2126.567699496936
112,"(0, 2, 2)","(0, 0, 0, 12)",2126.624925819809
1547,"(5, 2, 1)","(1, 0, 1, 12)",2126.6951494843015
716,"(2, 2, 5)","(1, 0, 0, 12)",2126.755921233959
713,"(2, 2, 5)","(0, 0, 1, 12)",2126.7782918467196
811,"(2, 4, 5)","(1, 0, 0, 12)",2126.7794986349277
544,"(1, 5, 2)","(0, 0, 0, 12)",2126.795818510755
708,"(2, 2, 4)","(1, 0, 0, 12)",2126.86470503721
705,"(2, 2, 4)","(0, 0, 1, 12)",2126.877171710014
525,"(1, 4, 5)","(1, 0, 1, 12)",2126.990714351122
421,"(1, 2, 4)","(1, 0, 1, 12)",2126.994084357559
101,"(0, 2, 0)","(1, 0, 1, 12)",2127.025571812816
1379,"(4, 4, 4)","(1, 0, 1, 12)",2127.0266235332797
400,"(1, 2, 2)","(0, 0, 0, 12)",2127.078361163349
980,"(3, 2, 2)","(1, 0, 1, 12)",2127.082221938536
680,"(2, 2, 1)","(0, 0, 0, 12)",2127.1166446584134
1623,"(5, 3, 5)","(0, 0, 1, 12)",2127.1308656184983
1626,"(5, 3, 5)","(1, 0, 0, 12)",2127.1790486198647
1555,"(5, 2, 2)","(1, 0, 1, 12)",2127.201046769148
388,"(1, 2, 0)","(1, 0, 0, 12)",2127.3028205492637
385,"(1, 2, 0)","(0, 0, 1, 12)",2127.302937072062
108,"(0, 2, 1)","(1, 0, 0, 12)",2127.315669299846
105,"(0, 2, 1)","(0, 0, 1, 12)",2127.315784348683
1367,"(4, 4, 3)","(0, 0, 1, 12)",2127.321630467119
1079,"(3, 4, 3)","(0, 0, 0, 12)",2127.470025205669
701,"(2, 2, 3)","(1, 0, 1, 12)",2127.523349146082
995,"(3, 2, 4)","(1, 0, 0, 12)",2127.5326974114664
1718,"(5, 5, 5)","(0, 0, 0, 12)",2127.5947076538773
1646,"(5, 4, 2)","(0, 0, 0, 12)",2127.6444770328962
992,"(3, 2, 4)","(0, 0, 1, 12)",2127.6588460873913
1003,"(3, 2, 5)","(1, 0, 0, 12)",2127.665760712846
1562,"(5, 2, 3)","(1, 0, 0, 12)",2127.6890582405135
791,"(2, 4, 3)","(0, 0, 0, 12)",2127.7567628081424
1383,"(4, 4, 5)","(0, 0, 1, 12)",2127.785694510409
1267,"(4, 2, 2)","(1, 0, 1, 12)",2127.815866693359
429,"(1, 2, 5)","(1, 0, 1, 12)",2127.8343480528033
1387,"(4, 4, 5)","(1, 0, 1, 12)",2127.8593228168666
1559,"(5, 2, 3)","(0, 0, 1, 12)",2127.922175241034
1658,"(5, 4, 3)","(1, 0, 0, 12)",2127.974475470697
1000,"(3, 2, 5)","(0, 0, 1, 12)",2128.019739913621
1386,"(4, 4, 5)","(1, 0, 0, 12)",2128.0327794745726
1655,"(5, 4, 3)","(0, 0, 1, 12)",2128.033723787195
1286,"(4, 2, 5)","(0, 0, 0, 12)",2128.15220137056
517,"(1, 4, 4)","(1, 0, 1, 12)",2128.2369949386148
1091,"(3, 4, 4)","(1, 0, 0, 12)",2128.300540449069
1578,"(5, 2, 5)","(1, 0, 0, 12)",2128.3456723666313
548,"(1, 5, 2)","(1, 0, 0, 12)",2128.39669532765
236,"(0, 4, 5)","(1, 0, 0, 12)",2128.4857241458894
233,"(0, 4, 5)","(0, 0, 1, 12)",2128.4906233401916
1370,"(4, 4, 3)","(1, 0, 0, 12)",2128.4968364597494
959,"(3, 2, 0)","(0, 0, 0, 12)",2128.5090094726806
717,"(2, 2, 5)","(1, 0, 1, 12)",2128.535924168857
709,"(2, 2, 4)","(1, 0, 1, 12)",2128.542512633042
676,"(2, 2, 0)","(1, 0, 0, 12)",2128.5587971693985
673,"(2, 2, 0)","(0, 0, 1, 12)",2128.559387752955
988,"(3, 2, 3)","(1, 0, 1, 12)",2128.603980429634
116,"(0, 2, 2)","(1, 0, 0, 12)",2128.616372739761
113,"(0, 2, 2)","(0, 0, 1, 12)",2128.616939692481
120,"(0, 2, 3)","(0, 0, 0, 12)",2128.6780465961965
404,"(1, 2, 2)","(1, 0, 0, 12)",2128.8953733801113
401,"(1, 2, 2)","(0, 0, 1, 12)",2128.9086008290415
1627,"(5, 3, 5)","(1, 0, 1, 12)",2128.9348245266156
684,"(2, 2, 1)","(1, 0, 0, 12)",2128.936467866686
681,"(2, 2, 1)","(0, 0, 1, 12)",2128.9494788313636
688,"(2, 2, 2)","(0, 0, 0, 12)",2129.0104352855815
389,"(1, 2, 0)","(1, 0, 1, 12)",2129.032640502962
109,"(0, 2, 1)","(1, 0, 1, 12)",2129.0488268028744
996,"(3, 2, 4)","(1, 0, 1, 12)",2129.447340793887
1659,"(5, 4, 3)","(1, 0, 1, 12)",2129.52569568086
1722,"(5, 5, 5)","(1, 0, 0, 12)",2129.702786127419
1563,"(5, 2, 3)","(1, 0, 1, 12)",2129.786826682053
1719,"(5, 5, 5)","(0, 0, 1, 12)",2129.7983463995797
1004,"(3, 2, 5)","(1, 0, 1, 12)",2129.8854203677347
855,"(2, 5, 5)","(0, 0, 0, 12)",2129.9951169400083
136,"(0, 2, 5)","(0, 0, 0, 12)",2129.9952490030832
237,"(0, 4, 5)","(1, 0, 1, 12)",2130.0535998784676
1371,"(4, 4, 3)","(1, 0, 1, 12)",2130.0680068369256
1080,"(3, 4, 3)","(0, 0, 1, 12)",2130.090594247621
677,"(2, 2, 0)","(1, 0, 1, 12)",2130.2281808227735
117,"(0, 2, 2)","(1, 0, 1, 12)",2130.2952783448586
294,"(1, 0, 0)","(1, 1, 0, 12)",2130.442532914519
1246,"(4, 2, 0)","(0, 0, 0, 12)",2130.47246671512
963,"(3, 2, 0)","(1, 0, 0, 12)",2130.499695862106
960,"(3, 2, 0)","(0, 0, 1, 12)",2130.5003225757064
128,"(0, 2, 4)","(0, 0, 0, 12)",2130.511152201855
1534,"(5, 2, 0)","(0, 0, 0, 12)",2130.543578277063
405,"(1, 2, 2)","(1, 0, 1, 12)",2130.5487222916768
685,"(2, 2, 1)","(1, 0, 1, 12)",2130.5994503638285
124,"(0, 2, 3)","(1, 0, 0, 12)",2130.6696841544435
121,"(0, 2, 3)","(0, 0, 1, 12)",2130.6702426761176
1440,"(5, 0, 0)","(0, 1, 0, 12)",2130.78405269642
692,"(2, 2, 2)","(1, 0, 0, 12)",2130.8214391232173
689,"(2, 2, 2)","(0, 0, 1, 12)",2130.8350830013087
1083,"(3, 4, 3)","(1, 0, 0, 12)",2131.0121531896248
209,"(0, 4, 2)","(0, 0, 1, 12)",2131.0200087281705
1290,"(4, 2, 5)","(1, 0, 0, 12)",2131.051054693576
1084,"(3, 4, 3)","(1, 0, 1, 12)",2131.0881083087243
622,"(2, 0, 5)","(1, 1, 0, 12)",2131.1156839254672
792,"(2, 4, 3)","(0, 0, 1, 12)",2131.4214313970106
795,"(2, 4, 3)","(1, 0, 0, 12)",2131.46896734658
859,"(2, 5, 5)","(1, 0, 0, 12)",2131.5547883675886
1723,"(5, 5, 5)","(1, 0, 1, 12)",2131.6674034697608
1291,"(4, 2, 5)","(1, 0, 1, 12)",2131.9233192708775
140,"(0, 2, 5)","(1, 0, 0, 12)",2131.969964086168
137,"(0, 2, 5)","(0, 0, 1, 12)",2131.971524995167
1287,"(4, 2, 5)","(0, 0, 1, 12)",2132.0521775485527
964,"(3, 2, 0)","(1, 0, 1, 12)",2132.160242533908
1275,"(4, 2, 3)","(1, 0, 1, 12)",2132.18528628763
1095,"(3, 4, 5)","(0, 0, 0, 12)",2132.1973976232634
1575,"(5, 2, 5)","(0, 0, 1, 12)",2132.333799620435
125,"(0, 2, 3)","(1, 0, 1, 12)",2132.3493780334284
693,"(2, 2, 2)","(1, 0, 1, 12)",2132.4554060052474
1250,"(4, 2, 0)","(1, 0, 0, 12)",2132.46437419185
1247,"(4, 2, 0)","(0, 0, 1, 12)",2132.4649175238615
132,"(0, 2, 4)","(1, 0, 0, 12)",2132.503592342732
129,"(0, 2, 4)","(0, 0, 1, 12)",2132.5041002308394
971,"(3, 2, 1)","(1, 0, 0, 12)",2132.5058974917706
1538,"(5, 2, 0)","(1, 0, 0, 12)",2132.5193661121934
1535,"(5, 2, 0)","(0, 0, 1, 12)",2132.520918091671
578,"(2, 0, 0)","(0, 1, 0, 12)",2132.545553146898
1270,"(4, 2, 3)","(0, 0, 0, 12)",2132.8218451594926
1096,"(3, 4, 5)","(0, 0, 1, 12)",2133.0905991512454
812,"(2, 4, 5)","(1, 0, 1, 12)",2133.2329794922075
856,"(2, 5, 5)","(0, 0, 1, 12)",2133.2343986697474
217,"(0, 4, 3)","(0, 0, 1, 12)",2133.3222809931713
1579,"(5, 2, 5)","(1, 0, 1, 12)",2133.357636644227
796,"(2, 4, 3)","(1, 0, 1, 12)",2133.4461715571824
220,"(0, 4, 3)","(1, 0, 0, 12)",2133.653400676071
141,"(0, 2, 5)","(1, 0, 1, 12)",2133.6742026776997
1650,"(5, 4, 2)","(1, 0, 0, 12)",2133.776924832707
1710,"(5, 5, 4)","(0, 0, 0, 12)",2133.9932580286686
1251,"(4, 2, 0)","(1, 0, 1, 12)",2134.1287655421856
133,"(0, 2, 4)","(1, 0, 1, 12)",2134.170445790301
1539,"(5, 2, 0)","(1, 0, 1, 12)",2134.176186353571
208,"(0, 4, 2)","(0, 0, 0, 12)",2134.2242812936083
1271,"(4, 2, 3)","(0, 0, 1, 12)",2134.229478853269
1274,"(4, 2, 3)","(1, 0, 0, 12)",2134.31970114185
1647,"(5, 4, 2)","(0, 0, 1, 12)",2134.7249531760726
1422,"(4, 5, 4)","(0, 0, 0, 12)",2134.7424474937757
799,"(2, 4, 4)","(0, 0, 0, 12)",2134.8060136039094
1714,"(5, 5, 4)","(1, 0, 0, 12)",2134.8246772324155
1099,"(3, 4, 5)","(1, 0, 0, 12)",2135.0824851817797
221,"(0, 4, 3)","(1, 0, 1, 12)",2135.1188367739705
1711,"(5, 5, 4)","(0, 0, 1, 12)",2135.2980564300847
504,"(1, 4, 3)","(0, 0, 0, 12)",2136.0298533205787
488,"(1, 4, 1)","(0, 0, 0, 12)",2136.1063072699935
1153,"(4, 0, 0)","(0, 1, 0, 12)",2136.3665630820556
1426,"(4, 5, 4)","(1, 0, 0, 12)",2136.4272762570195
1423,"(4, 5, 4)","(0, 0, 1, 12)",2136.4614771203314
1430,"(4, 5, 5)","(0, 0, 0, 12)",2136.46559552394
1414,"(4, 5, 3)","(0, 0, 0, 12)",2136.4852862476805
1702,"(5, 5, 3)","(0, 0, 0, 12)",2136.543966311849
1715,"(5, 5, 4)","(1, 0, 1, 12)",2136.945633415019
496,"(1, 4, 2)","(0, 0, 0, 12)",2136.9570122175546
1100,"(3, 4, 5)","(1, 0, 1, 12)",2137.0148648408913
1638,"(5, 4, 1)","(0, 0, 0, 12)",2137.018362573145
803,"(2, 4, 4)","(1, 0, 0, 12)",2137.1140149157977
860,"(2, 5, 5)","(1, 0, 1, 12)",2137.3996393647135
1119,"(3, 5, 2)","(0, 0, 0, 12)",2137.5800325956197
1127,"(3, 5, 3)","(0, 0, 0, 12)",2137.582847977542
508,"(1, 4, 3)","(1, 0, 0, 12)",2137.7095867019475
505,"(1, 4, 3)","(0, 0, 1, 12)",2137.73727089157
800,"(2, 4, 4)","(0, 0, 1, 12)",2137.787914264384
213,"(0, 4, 2)","(1, 0, 1, 12)",2137.807660995986
560,"(1, 5, 4)","(0, 0, 0, 12)",2137.868828245153
1434,"(4, 5, 5)","(1, 0, 0, 12)",2138.4654139596164
1427,"(4, 5, 4)","(1, 0, 1, 12)",2138.471855314156
1431,"(4, 5, 5)","(0, 0, 1, 12)",2138.5278982008563
1706,"(5, 5, 3)","(1, 0, 0, 12)",2138.6758788598495
1582,"(5, 3, 0)","(0, 0, 0, 12)",2138.687829319188
1642,"(5, 4, 1)","(1, 0, 0, 12)",2138.874389589748
1639,"(5, 4, 1)","(0, 0, 1, 12)",2138.886297102463
776,"(2, 4, 1)","(0, 0, 1, 12)",2139.0745336292493
509,"(1, 4, 3)","(1, 0, 1, 12)",2139.2186886434247
552,"(1, 5, 3)","(0, 0, 0, 12)",2139.2818255467846
804,"(2, 4, 4)","(1, 0, 1, 12)",2139.3826295293325
831,"(2, 5, 2)","(0, 0, 0, 12)",2139.5404652737284
1120,"(3, 5, 2)","(0, 0, 1, 12)",2139.572317778618
1123,"(3, 5, 2)","(1, 0, 0, 12)",2139.5723380477984
1197,"(4, 0, 5)","(1, 1, 0, 12)",2139.6684950331896
1128,"(3, 5, 3)","(0, 0, 1, 12)",2139.683534583364
1415,"(4, 5, 3)","(0, 0, 1, 12)",2139.8047751728413
1694,"(5, 5, 2)","(0, 0, 0, 12)",2140.05936900824
212,"(0, 4, 2)","(1, 0, 0, 12)",2140.0658850357304
1350,"(4, 4, 1)","(0, 0, 0, 12)",2140.1946309031136
1643,"(5, 4, 1)","(1, 0, 1, 12)",2140.335918467702
1435,"(4, 5, 5)","(1, 0, 1, 12)",2140.4872493789817
1670,"(5, 4, 5)","(0, 0, 0, 12)",2140.4882037643897
564,"(1, 5, 4)","(1, 0, 0, 12)",2140.544993314785
268,"(0, 5, 3)","(1, 0, 0, 12)",2140.5817044807864
1671,"(5, 4, 5)","(0, 0, 1, 12)",2140.5839355342932
561,"(1, 5, 4)","(0, 0, 1, 12)",2140.609834774812
1586,"(5, 3, 0)","(1, 0, 0, 12)",2140.670246928567
1583,"(5, 3, 0)","(0, 0, 1, 12)",2140.6715630000654
1707,"(5, 5, 3)","(1, 0, 1, 12)",2140.7140620994655
1071,"(3, 4, 2)","(0, 0, 0, 12)",2140.970562800221
898,"(3, 0, 4)","(0, 1, 1, 12)",2141.048041488379
1418,"(4, 5, 3)","(1, 0, 0, 12)",2141.2746545821633
1131,"(3, 5, 3)","(1, 0, 0, 12)",2141.3910660250713
783,"(2, 4, 2)","(0, 0, 0, 12)",2141.438937261081
832,"(2, 5, 2)","(0, 0, 1, 12)",2141.5313820452393
1139,"(3, 5, 4)","(1, 0, 0, 12)",2141.5396005664834
1124,"(3, 5, 2)","(1, 0, 1, 12)",2141.5817967734474
1132,"(3, 5, 3)","(1, 0, 1, 12)",2141.71669799391
1445,"(5, 0, 0)","(1, 1, 1, 12)",2141.7857882389662
556,"(1, 5, 3)","(1, 0, 0, 12)",2141.8907896142377
1358,"(4, 4, 2)","(0, 0, 0, 12)",2141.9138883222267
500,"(1, 4, 2)","(1, 0, 0, 12)",2141.9150909421796
1063,"(3, 4, 1)","(0, 0, 0, 12)",2141.919584840909
1695,"(5, 5, 2)","(0, 0, 1, 12)",2141.9250156126614
497,"(1, 4, 2)","(0, 0, 1, 12)",2141.929442242219
1674,"(5, 4, 5)","(1, 0, 0, 12)",2141.937742453817
1698,"(5, 5, 2)","(1, 0, 0, 12)",2142.0004277715634
1354,"(4, 4, 1)","(1, 0, 0, 12)",2142.054565087981
1351,"(4, 4, 1)","(0, 0, 1, 12)",2142.0658621338193
775,"(2, 4, 1)","(0, 0, 0, 12)",2142.2421995938967
1587,"(5, 3, 0)","(1, 0, 1, 12)",2142.2870156781487
1075,"(3, 4, 2)","(1, 0, 0, 12)",2142.3970963291013
269,"(0, 5, 3)","(1, 0, 1, 12)",2142.430185430619
1072,"(3, 4, 2)","(0, 0, 1, 12)",2142.4437416449828
565,"(1, 5, 4)","(1, 0, 1, 12)",2142.453090911395
1294,"(4, 3, 0)","(0, 0, 0, 12)",2142.714986483991
492,"(1, 4, 1)","(1, 0, 0, 12)",2142.7587356265944
489,"(1, 4, 1)","(0, 0, 1, 12)",2142.779087621727
787,"(2, 4, 2)","(1, 0, 0, 12)",2142.8854057840845
784,"(2, 4, 2)","(0, 0, 1, 12)",2142.930696337124
557,"(1, 5, 3)","(1, 0, 1, 12)",2143.19925743826
1651,"(5, 4, 2)","(1, 0, 1, 12)",2143.2569941189645
1419,"(4, 5, 3)","(1, 0, 1, 12)",2143.278464378757
1135,"(3, 5, 4)","(0, 0, 0, 12)",2143.323099580354
501,"(1, 4, 2)","(1, 0, 1, 12)",2143.395742761433
1355,"(4, 4, 1)","(1, 0, 1, 12)",2143.4256609520935
1362,"(4, 4, 2)","(1, 0, 0, 12)",2143.478310854206
1359,"(4, 4, 2)","(0, 0, 1, 12)",2143.5166505162106
836,"(2, 5, 2)","(1, 0, 1, 12)",2143.533427750657
839,"(2, 5, 3)","(0, 0, 0, 12)",2143.5476169791787
1067,"(3, 4, 1)","(1, 0, 0, 12)",2143.73354658176
1064,"(3, 4, 1)","(0, 0, 1, 12)",2143.748043119493
1076,"(3, 4, 2)","(1, 0, 1, 12)",2143.798503912306
779,"(2, 4, 1)","(1, 0, 0, 12)",2144.0303826932995
1007,"(3, 3, 0)","(0, 0, 0, 12)",2144.0853519969983
276,"(0, 5, 4)","(1, 0, 0, 12)",2144.107834814712
273,"(0, 5, 4)","(0, 0, 1, 12)",2144.1111573700687
788,"(2, 4, 2)","(1, 0, 1, 12)",2144.1120680476465
322,"(1, 0, 4)","(0, 1, 0, 12)",2144.112507648159
493,"(1, 4, 1)","(1, 0, 1, 12)",2144.1240673945467
1298,"(4, 3, 0)","(1, 0, 0, 12)",2144.6984547534157
1295,"(4, 3, 0)","(0, 0, 1, 12)",2144.6996121920897
1363,"(4, 4, 2)","(1, 0, 1, 12)",2144.8442718491233
1366,"(4, 4, 3)","(0, 0, 0, 12)",2144.882777945065
843,"(2, 5, 3)","(1, 0, 0, 12)",2145.148716550531
1068,"(3, 4, 1)","(1, 0, 1, 12)",2145.161378862616
840,"(2, 5, 3)","(0, 0, 1, 12)",2145.175207232479
1136,"(3, 5, 4)","(0, 0, 1, 12)",2145.267281930687
780,"(2, 4, 1)","(1, 0, 1, 12)",2145.4935699578327
568,"(1, 5, 5)","(0, 0, 0, 12)",2145.530128110922
277,"(0, 5, 4)","(1, 0, 1, 12)",2145.956639137379
1011,"(3, 3, 0)","(1, 0, 0, 12)",2146.028016096497
1008,"(3, 3, 0)","(0, 0, 1, 12)",2146.031840566988
330,"(1, 0, 5)","(0, 1, 0, 12)",2146.214904332212
1675,"(5, 4, 5)","(1, 0, 1, 12)",2146.2263378579905
1699,"(5, 5, 2)","(1, 0, 1, 12)",2146.2534339523004
1299,"(4, 3, 0)","(1, 0, 1, 12)",2146.286966945311
844,"(2, 5, 3)","(1, 0, 1, 12)",2146.813033733125
1140,"(3, 5, 4)","(1, 0, 1, 12)",2147.0525234313172
1012,"(3, 3, 0)","(1, 0, 1, 12)",2147.554535770627
572,"(1, 5, 5)","(1, 0, 0, 12)",2147.6974761590286
569,"(1, 5, 5)","(0, 0, 1, 12)",2147.6980175945564
256,"(0, 5, 2)","(0, 0, 0, 12)",2147.729129751438
1194,"(4, 0, 5)","(0, 1, 1, 12)",2148.1733113752925
1143,"(3, 5, 5)","(0, 0, 0, 12)",2149.16502865544
906,"(3, 0, 5)","(0, 1, 1, 12)",2149.448342468251
573,"(1, 5, 5)","(1, 0, 1, 12)",2149.6679932547463
257,"(0, 5, 2)","(0, 0, 1, 12)",2149.6777709046796
1147,"(3, 5, 5)","(1, 0, 0, 12)",2151.2631628152258
1144,"(3, 5, 5)","(0, 0, 1, 12)",2151.4173455940095
545,"(1, 5, 2)","(0, 0, 1, 12)",2151.5063640980206
623,"(2, 0, 5)","(1, 1, 1, 12)",2152.159699329193
1686,"(5, 5, 1)","(0, 0, 0, 12)",2152.36399749658
549,"(1, 5, 2)","(1, 0, 1, 12)",2153.120607081762
618,"(2, 0, 5)","(0, 1, 0, 12)",2153.4020237145915
1148,"(3, 5, 5)","(1, 0, 1, 12)",2153.5487930689396
886,"(3, 0, 2)","(1, 1, 1, 12)",2153.5635273234875
261,"(0, 5, 2)","(1, 0, 1, 12)",2154.077338439256
314,"(1, 0, 3)","(0, 1, 0, 12)",2154.182615513275
1690,"(5, 5, 1)","(1, 0, 0, 12)",2154.364004415304
1687,"(5, 5, 1)","(0, 0, 1, 12)",2154.364014302964
720,"(2, 3, 0)","(0, 0, 0, 12)",2154.7326213747024
290,"(1, 0, 0)","(0, 1, 0, 12)",2154.9177642219497
871,"(3, 0, 1)","(0, 0, 0, 12)",2155.555617229025
909,"(3, 0, 5)","(1, 1, 0, 12)",2156.143352092195
1691,"(5, 5, 1)","(1, 0, 1, 12)",2156.3576723098013
1174,"(4, 0, 2)","(1, 1, 1, 12)",2156.5998534455584
724,"(2, 3, 0)","(1, 0, 0, 12)",2156.6973092566996
721,"(2, 3, 0)","(0, 0, 1, 12)",2156.6992810021097
910,"(3, 0, 5)","(1, 1, 1, 12)",2157.0626456833443
615,"(2, 0, 4)","(1, 1, 1, 12)",2157.5017907545666
894,"(3, 0, 3)","(1, 1, 1, 12)",2157.557027583839
875,"(3, 0, 1)","(1, 0, 0, 12)",2157.845863256863
553,"(1, 5, 3)","(0, 0, 1, 12)",2158.0428166354736
725,"(2, 3, 0)","(1, 0, 1, 12)",2158.212683994931
1461,"(5, 0, 2)","(1, 1, 1, 12)",2158.2736636651844
890,"(3, 0, 3)","(0, 1, 1, 12)",2159.251474843489
847,"(2, 5, 4)","(0, 0, 0, 12)",2159.6456665819624
306,"(1, 0, 2)","(0, 1, 0, 12)",2160.169538790045
581,"(2, 0, 0)","(1, 0, 1, 12)",2160.502670880026
200,"(0, 4, 1)","(0, 0, 0, 12)",2160.8284091804453
576,"(2, 0, 0)","(0, 0, 0, 12)",2160.9401677817023
876,"(3, 0, 1)","(1, 0, 1, 12)",2161.398398671902
863,"(3, 0, 0)","(0, 0, 0, 12)",2161.4385803287873
1454,"(5, 0, 2)","(0, 0, 0, 12)",2161.561413867511
851,"(2, 5, 4)","(1, 0, 0, 12)",2161.6139552850345
848,"(2, 5, 4)","(0, 0, 1, 12)",2161.6542645858535
584,"(2, 0, 1)","(0, 0, 0, 12)",2161.676967853032
868,"(3, 0, 0)","(1, 0, 1, 12)",2162.351329997154
589,"(2, 0, 1)","(1, 0, 1, 12)",2162.3742356517887
864,"(3, 0, 0)","(0, 0, 1, 12)",2162.4253178474805
867,"(3, 0, 0)","(1, 0, 0, 12)",2162.444905056955
1460,"(5, 0, 2)","(1, 1, 0, 12)",2162.470932383071
577,"(2, 0, 0)","(0, 0, 1, 12)",2162.472194439714
580,"(2, 0, 0)","(1, 0, 0, 12)",2162.4737705843977
1164,"(4, 0, 1)","(1, 0, 1, 12)",2162.48906559549
872,"(3, 0, 1)","(0, 0, 1, 12)",2162.6395028477486
1167,"(4, 0, 2)","(0, 0, 0, 12)",2162.6968896987296
1703,"(5, 5, 3)","(0, 0, 1, 12)",2162.7678046111
1151,"(4, 0, 0)","(0, 0, 0, 12)",2162.7794264226786
611,"(2, 0, 4)","(0, 1, 1, 12)",2162.792601684772
885,"(3, 0, 2)","(1, 1, 0, 12)",2162.802334581673
585,"(2, 0, 1)","(0, 0, 1, 12)",2162.8343410528882
1455,"(5, 0, 2)","(0, 0, 1, 12)",2162.8379910331673
588,"(2, 0, 1)","(1, 0, 0, 12)",2162.8465610531257
1458,"(5, 0, 2)","(1, 0, 0, 12)",2162.929217784712
1182,"(4, 0, 3)","(1, 1, 1, 12)",2163.008214844297
592,"(2, 0, 2)","(0, 0, 0, 12)",2163.3155978419018
1152,"(4, 0, 0)","(0, 0, 1, 12)",2163.400766957661
204,"(0, 4, 1)","(1, 0, 0, 12)",2163.4110903034525
201,"(0, 4, 1)","(0, 0, 1, 12)",2163.4180778783384
1155,"(4, 0, 0)","(1, 0, 0, 12)",2163.434778687403
852,"(2, 5, 4)","(1, 0, 1, 12)",2163.66036082252
298,"(1, 0, 1)","(0, 1, 0, 12)",2163.756262861566
1438,"(5, 0, 0)","(0, 0, 0, 12)",2163.7940860946987
1630,"(5, 4, 0)","(0, 0, 0, 12)",2164.0181221338635
645,"(2, 1, 2)","(1, 0, 1, 12)",2164.030550149095
1156,"(4, 0, 0)","(1, 0, 1, 12)",2164.0741902838045
593,"(2, 0, 2)","(0, 0, 1, 12)",2164.2847975388236
596,"(2, 0, 2)","(1, 0, 0, 12)",2164.2978900594608
1439,"(5, 0, 0)","(0, 0, 1, 12)",2164.312053199517
1442,"(5, 0, 0)","(1, 0, 0, 12)",2164.3882041597135
597,"(2, 0, 2)","(1, 0, 1, 12)",2164.441505456088
1168,"(4, 0, 2)","(0, 0, 1, 12)",2164.4962364210573
1459,"(5, 0, 2)","(1, 0, 1, 12)",2164.496576233497
600,"(2, 0, 3)","(0, 0, 0, 12)",2164.6087321907453
1398,"(4, 5, 1)","(0, 0, 0, 12)",2164.6540875375613
904,"(3, 0, 5)","(0, 0, 1, 12)",2164.6618154710536
205,"(0, 4, 1)","(1, 0, 1, 12)",2164.6702808132995
1175,"(4, 0, 3)","(0, 0, 0, 12)",2164.7290819604787
896,"(3, 0, 4)","(0, 0, 1, 12)",2164.763455754467
1180,"(4, 0, 3)","(1, 0, 1, 12)",2164.768060187775
887,"(3, 0, 3)","(0, 0, 0, 12)",2164.8126919520296
907,"(3, 0, 5)","(1, 0, 0, 12)",2164.833956939754
888,"(3, 0, 3)","(0, 0, 1, 12)",2164.9175022196096
432,"(1, 3, 0)","(0, 0, 0, 12)",2164.940660083974
891,"(3, 0, 3)","(1, 0, 0, 12)",2165.0996284922217
931,"(3, 1, 2)","(1, 0, 0, 12)",2165.2090492259535
1159,"(4, 0, 1)","(0, 0, 0, 12)",2165.22093152538
928,"(3, 1, 2)","(0, 0, 1, 12)",2165.2639243702524
328,"(1, 0, 5)","(0, 0, 0, 12)",2165.29664877908
608,"(2, 0, 4)","(0, 0, 0, 12)",2165.3435577278724
879,"(3, 0, 2)","(0, 0, 0, 12)",2165.4585335880142
1443,"(5, 0, 0)","(1, 0, 1, 12)",2165.51191655954
899,"(3, 0, 4)","(1, 0, 0, 12)",2165.6279912444224
895,"(3, 0, 4)","(0, 0, 0, 12)",2165.646247701222
601,"(2, 0, 3)","(0, 0, 1, 12)",2165.6748076203207
1446,"(5, 0, 1)","(0, 0, 0, 12)",2165.6840829345538
604,"(2, 0, 3)","(1, 0, 0, 12)",2165.694326347334
884,"(3, 0, 2)","(1, 0, 1, 12)",2165.698690460122
1634,"(5, 4, 0)","(1, 0, 0, 12)",2165.722303030724
1631,"(5, 4, 0)","(0, 0, 1, 12)",2165.748688261523
1178,"(4, 0, 3)","(0, 1, 1, 12)",2165.785365295459
605,"(2, 0, 3)","(1, 0, 1, 12)",2165.8370614978107
329,"(1, 0, 5)","(0, 0, 1, 12)",2165.961502116141
1183,"(4, 0, 4)","(0, 0, 0, 12)",2165.974426103962
332,"(1, 0, 5)","(1, 0, 0, 12)",2165.9974106967834
1160,"(4, 0, 1)","(0, 0, 1, 12)",2166.0203536991435
1163,"(4, 0, 1)","(1, 0, 0, 12)",2166.0423702927287
1447,"(5, 0, 1)","(0, 0, 1, 12)",2166.1156224080178
1172,"(4, 0, 2)","(1, 0, 1, 12)",2166.3645944529158
609,"(2, 0, 4)","(0, 0, 1, 12)",2166.385011531075
1176,"(4, 0, 3)","(0, 0, 1, 12)",2166.398901256964
1179,"(4, 0, 3)","(1, 0, 0, 12)",2166.413238124936
612,"(2, 0, 4)","(1, 0, 0, 12)",2166.4205283318606
616,"(2, 0, 5)","(0, 0, 0, 12)",2166.4456865983498
880,"(3, 0, 2)","(0, 0, 1, 12)",2166.4462008180603
883,"(3, 0, 2)","(1, 0, 0, 12)",2166.459841767537
280,"(0, 5, 5)","(0, 0, 0, 12)",2166.5397621647003
1406,"(4, 5, 2)","(0, 0, 0, 12)",2166.5456544749504
1402,"(4, 5, 1)","(1, 0, 0, 12)",2166.6525114224623
1399,"(4, 5, 1)","(0, 0, 1, 12)",2166.6525640917557
320,"(1, 0, 4)","(0, 0, 0, 12)",2166.7400095078274
1635,"(5, 4, 0)","(1, 0, 1, 12)",2166.7973221508623
436,"(1, 3, 0)","(1, 0, 0, 12)",2166.8045088767885
433,"(1, 3, 0)","(0, 0, 1, 12)",2166.813390007282
1171,"(4, 0, 2)","(1, 0, 0, 12)",2166.82263880767
903,"(3, 0, 5)","(0, 0, 0, 12)",2167.216596108937
1184,"(4, 0, 4)","(0, 0, 1, 12)",2167.2867442835686
617,"(2, 0, 5)","(0, 0, 1, 12)",2167.3225892014184
613,"(2, 0, 4)","(1, 0, 1, 12)",2167.333175073134
892,"(3, 0, 3)","(1, 0, 1, 12)",2167.3411526840114
620,"(2, 0, 5)","(1, 0, 0, 12)",2167.349728645475
321,"(1, 0, 4)","(0, 0, 1, 12)",2167.4217613028386
1450,"(5, 0, 1)","(1, 0, 0, 12)",2167.438750462956
1451,"(5, 0, 1)","(1, 0, 1, 12)",2167.453481553191
1173,"(4, 0, 2)","(1, 1, 0, 12)",2167.4955285882215
324,"(1, 0, 4)","(1, 0, 0, 12)",2167.5138170061227
927,"(3, 1, 2)","(0, 0, 0, 12)",2167.6668691275313
333,"(1, 0, 5)","(1, 0, 1, 12)",2167.6921077424554
437,"(1, 3, 0)","(1, 0, 1, 12)",2167.8905655222325
1188,"(4, 0, 4)","(1, 0, 1, 12)",2167.94296894405
1470,"(5, 0, 4)","(0, 0, 0, 12)",2167.9740021629154
1462,"(5, 0, 3)","(0, 0, 0, 12)",2168.066973300372
668,"(2, 1, 5)","(1, 0, 0, 12)",2168.082323991703
665,"(2, 1, 5)","(0, 0, 1, 12)",2168.219635206542
1195,"(4, 0, 5)","(1, 0, 0, 12)",2168.226580019253
284,"(0, 5, 5)","(1, 0, 0, 12)",2168.292215825483
1190,"(4, 0, 4)","(1, 1, 1, 12)",2168.3474353994625
1410,"(4, 5, 2)","(1, 0, 0, 12)",2168.3841449331435
1407,"(4, 5, 2)","(0, 0, 1, 12)",2168.393723024722
281,"(0, 5, 5)","(0, 0, 1, 12)",2168.5193850601627
621,"(2, 0, 5)","(1, 0, 1, 12)",2168.5369445951783
900,"(3, 0, 4)","(1, 0, 1, 12)",2168.6275830791274
1403,"(4, 5, 1)","(1, 0, 1, 12)",2168.649232487141
955,"(3, 1, 5)","(1, 0, 0, 12)",2168.9290668476324
1467,"(5, 0, 3)","(1, 0, 1, 12)",2169.2301051863456
893,"(3, 0, 3)","(1, 1, 0, 12)",2169.2594845949816
325,"(1, 0, 4)","(1, 0, 1, 12)",2169.261970811715
1471,"(5, 0, 4)","(0, 0, 1, 12)",2169.412368487413
952,"(3, 1, 5)","(0, 0, 1, 12)",2169.4303378685167
1474,"(5, 0, 4)","(1, 0, 0, 12)",2169.4342869932902
1186,"(4, 0, 4)","(0, 1, 1, 12)",2169.7164801117506
1475,"(5, 0, 4)","(1, 0, 1, 12)",2169.857939697912
908,"(3, 0, 5)","(1, 0, 1, 12)",2169.8609924754796
1191,"(4, 0, 5)","(0, 0, 0, 12)",2169.9312960208536
1466,"(5, 0, 3)","(1, 0, 0, 12)",2169.944704739928
664,"(2, 1, 5)","(0, 0, 0, 12)",2169.9621126907446
1193,"(4, 0, 5)","(0, 1, 0, 12)",2170.185139397807
1187,"(4, 0, 4)","(1, 0, 0, 12)",2170.267284617289
1411,"(4, 5, 2)","(1, 0, 1, 12)",2170.3256242540047
285,"(0, 5, 5)","(1, 0, 1, 12)",2170.379951298794
1478,"(5, 0, 5)","(0, 0, 0, 12)",2170.576475867727
932,"(3, 1, 2)","(1, 0, 1, 12)",2170.784086522443
260,"(0, 5, 2)","(1, 0, 0, 12)",2170.9487642942127
1196,"(4, 0, 5)","(1, 0, 1, 12)",2171.061691124139
1192,"(4, 0, 5)","(0, 0, 1, 12)",2171.125301712576
902,"(3, 0, 4)","(1, 1, 1, 12)",2171.48429920606
1483,"(5, 0, 5)","(1, 0, 1, 12)",2171.603106800794
951,"(3, 1, 5)","(0, 0, 0, 12)",2171.680196918701
1463,"(5, 0, 3)","(0, 0, 1, 12)",2171.7515016596053
1511,"(5, 1, 3)","(0, 0, 1, 12)",2171.895573751061
313,"(1, 0, 3)","(0, 0, 1, 12)",2172.0139133557195
1469,"(5, 0, 3)","(1, 1, 1, 12)",2172.0326063814077
316,"(1, 0, 3)","(1, 0, 0, 12)",2172.128502730537
1465,"(5, 0, 3)","(0, 1, 1, 12)",2172.1838796813336
312,"(1, 0, 3)","(0, 0, 0, 12)",2172.1973068065863
1514,"(5, 1, 3)","(1, 0, 0, 12)",2172.317516559115
1479,"(5, 0, 5)","(0, 0, 1, 12)",2172.482832383547
1482,"(5, 0, 5)","(1, 0, 0, 12)",2172.531335567097
1181,"(4, 0, 3)","(1, 1, 0, 12)",2172.9123415187687
669,"(2, 1, 5)","(1, 0, 1, 12)",2173.3554000003455
644,"(2, 1, 2)","(1, 0, 0, 12)",2173.4668612759533
956,"(3, 1, 5)","(1, 0, 1, 12)",2174.0072647357233
641,"(2, 1, 2)","(0, 0, 1, 12)",2174.0129175446664
905,"(3, 0, 5)","(0, 1, 0, 12)",2174.129045685211
243,"(0, 5, 0)","(0, 1, 1, 12)",2174.581089998612
317,"(1, 0, 3)","(1, 0, 1, 12)",2175.1967673161184
1111,"(3, 5, 1)","(0, 0, 0, 12)",2175.7333150176987
144,"(0, 3, 0)","(0, 0, 0, 12)",2175.7425759636626
242,"(0, 5, 0)","(0, 1, 0, 12)",2175.9375745669445
1342,"(4, 4, 0)","(0, 0, 0, 12)",2176.21858043846
246,"(0, 5, 0)","(1, 1, 0, 12)",2177.0769816634397
1115,"(3, 5, 1)","(1, 0, 0, 12)",2177.6973366639113
1112,"(3, 5, 1)","(0, 0, 1, 12)",2177.698690570527
1346,"(4, 4, 0)","(1, 0, 0, 12)",2177.7229484114005
1343,"(4, 4, 0)","(0, 0, 1, 12)",2177.759020629486
1189,"(4, 0, 4)","(1, 1, 0, 12)",2177.759163527434
148,"(0, 3, 0)","(1, 0, 0, 12)",2177.7610077734853
640,"(2, 1, 2)","(0, 0, 0, 12)",2177.896507398145
145,"(0, 3, 0)","(0, 0, 1, 12)",2178.7182713762772
149,"(0, 3, 0)","(1, 0, 1, 12)",2178.7365171663087
1347,"(4, 4, 0)","(1, 0, 1, 12)",2178.89026188275
1468,"(5, 0, 3)","(1, 1, 0, 12)",2179.4533058714223
1116,"(3, 5, 1)","(1, 0, 1, 12)",2179.677306579569
247,"(0, 5, 0)","(1, 1, 1, 12)",2181.153461346379
1477,"(5, 0, 4)","(1, 1, 1, 12)",2181.35712896621
305,"(1, 0, 2)","(0, 0, 1, 12)",2181.3972832148715
1055,"(3, 4, 0)","(0, 0, 0, 12)",2181.4314357935627
308,"(1, 0, 2)","(1, 0, 0, 12)",2181.5745046002135
304,"(1, 0, 2)","(0, 0, 0, 12)",2181.843419087417
1059,"(3, 4, 0)","(1, 0, 0, 12)",2182.809662496447
901,"(3, 0, 4)","(1, 1, 0, 12)",2182.82533980002
1056,"(3, 4, 0)","(0, 0, 1, 12)",2182.8534799527656
309,"(1, 0, 2)","(1, 0, 1, 12)",2183.375826469839
1060,"(3, 4, 0)","(1, 0, 1, 12)",2184.095433942062
1473,"(5, 0, 4)","(0, 1, 1, 12)",2184.855029224037
823,"(2, 5, 1)","(0, 0, 0, 12)",2190.7613105036817
881,"(3, 0, 2)","(0, 1, 0, 12)",2190.770936997656
827,"(2, 5, 1)","(1, 0, 0, 12)",2192.48788971074
824,"(2, 5, 1)","(0, 0, 1, 12)",2192.5095869282877
828,"(2, 5, 1)","(1, 0, 1, 12)",2193.711200452829
1510,"(5, 1, 3)","(0, 0, 0, 12)",2195.1377015124353
536,"(1, 5, 1)","(0, 0, 0, 12)",2196.2068371772502
541,"(1, 5, 1)","(1, 0, 1, 12)",2196.2768083844967
1476,"(5, 0, 4)","(1, 1, 0, 12)",2198.027570944943
296,"(1, 0, 1)","(0, 0, 0, 12)",2199.798823235807
540,"(1, 5, 1)","(1, 0, 0, 12)",2200.2971337328995
537,"(1, 5, 1)","(0, 0, 1, 12)",2200.3845936713874
1515,"(5, 1, 3)","(1, 0, 1, 12)",2200.4759457925074
835,"(2, 5, 2)","(1, 0, 0, 12)",2200.941063282611
1678,"(5, 5, 0)","(0, 0, 0, 12)",2201.3459660486747
767,"(2, 4, 0)","(0, 0, 0, 12)",2201.671463700089
628,"(2, 1, 0)","(1, 0, 0, 12)",2202.0114295271765
911,"(3, 1, 0)","(0, 0, 0, 12)",2202.1005454762535
1682,"(5, 5, 0)","(1, 0, 0, 12)",2203.037814490301
1679,"(5, 5, 0)","(0, 0, 1, 12)",2203.059008051716
345,"(1, 1, 1)","(0, 0, 1, 12)",2203.0757074675307
771,"(2, 4, 0)","(1, 0, 0, 12)",2203.326808654906
768,"(2, 4, 0)","(0, 0, 1, 12)",2203.3510930918055
301,"(1, 0, 1)","(1, 0, 1, 12)",2203.5295768192454
297,"(1, 0, 1)","(0, 0, 1, 12)",2203.583874267522
300,"(1, 0, 1)","(1, 0, 0, 12)",2203.8717147664056
632,"(2, 1, 1)","(0, 0, 0, 12)",2204.379656154231
889,"(3, 0, 3)","(0, 1, 0, 12)",2204.5017683524165
772,"(2, 4, 0)","(1, 0, 1, 12)",2204.5080751082014
1683,"(5, 5, 0)","(1, 0, 1, 12)",2204.5599037651064
1211,"(4, 1, 1)","(1, 0, 1, 12)",2205.4043625521754
633,"(2, 1, 1)","(0, 0, 1, 12)",2205.7224341501565
64,"(0, 1, 2)","(0, 0, 0, 12)",2205.7348414871335
340,"(1, 1, 0)","(1, 0, 0, 12)",2205.943824506063
936,"(3, 1, 3)","(0, 0, 1, 12)",2206.138567104518
1456,"(5, 0, 2)","(0, 1, 0, 12)",2206.8833989465156
1169,"(4, 0, 2)","(0, 1, 0, 12)",2207.1985758424034
68,"(0, 1, 2)","(1, 0, 0, 12)",2207.402686202778
65,"(0, 1, 2)","(0, 0, 1, 12)",2207.4120165552195
939,"(3, 1, 3)","(1, 0, 0, 12)",2207.749762658665
1215,"(4, 1, 2)","(0, 0, 1, 12)",2207.9173135267633
369,"(1, 1, 4)","(0, 0, 1, 12)",2208.210126893468
637,"(2, 1, 1)","(1, 0, 1, 12)",2208.4497589921134
1218,"(4, 1, 2)","(1, 0, 0, 12)",2208.4863365722317
69,"(0, 1, 2)","(1, 0, 1, 12)",2209.3996569394617
1219,"(4, 1, 2)","(1, 0, 1, 12)",2209.741048518176
935,"(3, 1, 3)","(0, 0, 0, 12)",2209.7819425503926
657,"(2, 1, 4)","(0, 0, 1, 12)",2209.9233264576874
1507,"(5, 1, 2)","(1, 0, 1, 12)",2210.399289448406
1206,"(4, 1, 1)","(0, 0, 0, 12)",2210.651782104517
660,"(2, 1, 4)","(1, 0, 0, 12)",2211.0288593190976
381,"(1, 1, 5)","(1, 0, 1, 12)",2211.114155843851
1494,"(5, 1, 1)","(0, 0, 0, 12)",2211.298086864607
1214,"(4, 1, 2)","(0, 0, 0, 12)",2211.3415748583784
72,"(0, 1, 3)","(0, 0, 0, 12)",2211.589936740914
940,"(3, 1, 3)","(1, 0, 1, 12)",2211.75997758313
1226,"(4, 1, 3)","(1, 0, 0, 12)",2211.8390731691516
1210,"(4, 1, 1)","(1, 0, 0, 12)",2212.1214074714594
1207,"(4, 1, 1)","(0, 0, 1, 12)",2212.159641940099
661,"(2, 1, 4)","(1, 0, 1, 12)",2212.3291248777
1498,"(5, 1, 1)","(1, 0, 0, 12)",2212.339778224227
1495,"(5, 1, 1)","(0, 0, 1, 12)",2212.4192878697113
1502,"(5, 1, 2)","(0, 0, 0, 12)",2212.8400802326846
56,"(0, 1, 1)","(0, 0, 0, 12)",2212.9414699364843
1499,"(5, 1, 1)","(1, 0, 1, 12)",2213.290143575551
76,"(0, 1, 3)","(1, 0, 0, 12)",2213.3374126316576
73,"(0, 1, 3)","(0, 0, 1, 12)",2213.342078007766
1177,"(4, 0, 3)","(0, 1, 0, 12)",2213.727717073077
376,"(1, 1, 5)","(0, 0, 0, 12)",2214.109684258294
1506,"(5, 1, 2)","(1, 0, 0, 12)",2214.404760657909
1503,"(5, 1, 2)","(0, 0, 1, 12)",2214.4398165264715
60,"(0, 1, 1)","(1, 0, 0, 12)",2214.6026757851637
57,"(0, 1, 1)","(0, 0, 1, 12)",2214.606058277901
656,"(2, 1, 4)","(0, 0, 0, 12)",2214.9164088570255
77,"(0, 1, 3)","(1, 0, 1, 12)",2215.3362009028733
377,"(1, 1, 5)","(0, 0, 1, 12)",2216.1100315607755
380,"(1, 1, 5)","(1, 0, 0, 12)",2216.1103300875116
61,"(0, 1, 1)","(1, 0, 1, 12)",2216.426190088821
649,"(2, 1, 3)","(0, 0, 1, 12)",2218.049322665936
1185,"(4, 0, 4)","(0, 1, 0, 12)",2218.129998195657
1519,"(5, 1, 4)","(0, 0, 1, 12)",2220.581562706904
653,"(2, 1, 3)","(1, 0, 1, 12)",2221.6932174117674
80,"(0, 1, 4)","(0, 0, 0, 12)",2221.6967231519857
944,"(3, 1, 4)","(0, 0, 1, 12)",2221.939147843923
652,"(2, 1, 3)","(1, 0, 0, 12)",2222.072313071366
1464,"(5, 0, 3)","(0, 1, 0, 12)",2222.215418418015
947,"(3, 1, 4)","(1, 0, 0, 12)",2222.5518947433757
648,"(2, 1, 3)","(0, 0, 0, 12)",2222.9866335569354
352,"(1, 1, 2)","(0, 0, 0, 12)",2223.3378778799756
84,"(0, 1, 4)","(1, 0, 0, 12)",2223.4480585859415
81,"(0, 1, 4)","(0, 0, 1, 12)",2223.454213007811
360,"(1, 1, 3)","(0, 0, 0, 12)",2223.4635429937443
1522,"(5, 1, 4)","(1, 0, 0, 12)",2223.7399170602953
624,"(2, 1, 0)","(0, 0, 0, 12)",2224.203381847963
1527,"(5, 1, 5)","(0, 0, 1, 12)",2224.4455065959573
1530,"(5, 1, 5)","(1, 0, 0, 12)",2224.5621325820744
344,"(1, 1, 1)","(0, 0, 0, 12)",2224.633462079661
356,"(1, 1, 2)","(1, 0, 0, 12)",2225.1230562946716
353,"(1, 1, 2)","(0, 0, 1, 12)",2225.128772608151
897,"(3, 0, 4)","(0, 1, 0, 12)",2225.2015995573024
364,"(1, 1, 3)","(1, 0, 0, 12)",2225.245962744259
361,"(1, 1, 3)","(0, 0, 1, 12)",2225.2509831780208
88,"(0, 1, 5)","(0, 0, 0, 12)",2225.3382014633553
85,"(0, 1, 4)","(1, 0, 1, 12)",2225.4446621567536
368,"(1, 1, 4)","(0, 0, 0, 12)",2225.72466834255
1239,"(4, 1, 5)","(0, 0, 1, 12)",2225.900047629374
625,"(2, 1, 0)","(0, 0, 1, 12)",2226.000928629082
943,"(3, 1, 4)","(0, 0, 0, 12)",2226.118351005614
1523,"(5, 1, 4)","(1, 0, 1, 12)",2226.1551621584595
1485,"(5, 0, 5)","(1, 1, 1, 12)",2226.398778761281
348,"(1, 1, 1)","(1, 0, 0, 12)",2226.4927929282658
948,"(3, 1, 4)","(1, 0, 1, 12)",2226.8311319529676
92,"(0, 1, 5)","(1, 0, 0, 12)",2227.073126478362
89,"(0, 1, 5)","(0, 0, 1, 12)",2227.079632084361
357,"(1, 1, 2)","(1, 0, 1, 12)",2227.1188766900686
365,"(1, 1, 3)","(1, 0, 1, 12)",2227.2431338205174
372,"(1, 1, 4)","(1, 0, 0, 12)",2227.4582394615068
1223,"(4, 1, 3)","(0, 0, 1, 12)",2227.491364010623
919,"(3, 1, 1)","(0, 0, 0, 12)",2227.757059913411
1243,"(4, 1, 5)","(1, 0, 1, 12)",2227.8201166101067
1486,"(5, 1, 0)","(0, 0, 0, 12)",2227.836277684849
629,"(2, 1, 0)","(1, 0, 1, 12)",2227.989878905804
1198,"(4, 1, 0)","(0, 0, 0, 12)",2228.3047190037187
1222,"(4, 1, 3)","(0, 0, 0, 12)",2228.341557578373
915,"(3, 1, 0)","(1, 0, 0, 12)",2228.4398741081886
912,"(3, 1, 0)","(0, 0, 1, 12)",2228.4454082386665
349,"(1, 1, 1)","(1, 0, 1, 12)",2228.4879437845543
93,"(0, 1, 5)","(1, 0, 1, 12)",2229.0698216689425
1490,"(5, 1, 0)","(1, 0, 0, 12)",2229.281679477637
1487,"(5, 1, 0)","(0, 0, 1, 12)",2229.295120352402
1234,"(4, 1, 4)","(1, 0, 0, 12)",2229.4261190542747
373,"(1, 1, 4)","(1, 0, 1, 12)",2229.45545351165
923,"(3, 1, 1)","(1, 0, 0, 12)",2229.614702565774
920,"(3, 1, 1)","(0, 0, 1, 12)",2229.6205651029363
1481,"(5, 0, 5)","(0, 1, 1, 12)",2229.782946467226
1231,"(4, 1, 4)","(0, 0, 1, 12)",2229.907653938861
1242,"(4, 1, 5)","(1, 0, 0, 12)",2229.940347945861
1230,"(4, 1, 4)","(0, 0, 0, 12)",2230.0290165745496
1202,"(4, 1, 0)","(1, 0, 0, 12)",2230.058793181396
1199,"(4, 1, 0)","(0, 0, 1, 12)",2230.064790868674
1390,"(4, 5, 0)","(0, 0, 0, 12)",2230.07425624611
636,"(2, 1, 1)","(1, 0, 0, 12)",2230.226772990212
916,"(3, 1, 0)","(1, 0, 1, 12)",2230.4348166835357
1227,"(4, 1, 3)","(1, 0, 1, 12)",2231.0968065732022
1491,"(5, 1, 0)","(1, 0, 1, 12)",2231.279308292447
1394,"(4, 5, 0)","(1, 0, 0, 12)",2231.5798801393667
924,"(3, 1, 1)","(1, 0, 1, 12)",2231.609591256618
1391,"(4, 5, 0)","(0, 0, 1, 12)",2231.6141796335514
1235,"(4, 1, 4)","(1, 0, 1, 12)",2231.7253698408786
1203,"(4, 1, 0)","(1, 0, 1, 12)",2232.055242547647
336,"(1, 1, 0)","(0, 0, 0, 12)",2232.3166404979943
1395,"(4, 5, 0)","(1, 0, 1, 12)",2232.5392376303607
1472,"(5, 0, 4)","(0, 1, 0, 12)",2232.7086324420775
1238,"(4, 1, 5)","(0, 0, 0, 12)",2233.5112035287457
1518,"(5, 1, 4)","(0, 0, 0, 12)",2233.5341076127265
1526,"(5, 1, 5)","(0, 0, 0, 12)",2233.8978964026674
337,"(1, 1, 0)","(0, 0, 1, 12)",2233.950105633326
480,"(1, 4, 0)","(0, 0, 0, 12)",2235.1746951625446
341,"(1, 1, 0)","(1, 0, 1, 12)",2235.9380428554095
1531,"(5, 1, 5)","(1, 0, 1, 12)",2236.4462886491483
48,"(0, 1, 0)","(0, 0, 0, 12)",2236.549448989354
484,"(1, 4, 0)","(1, 0, 0, 12)",2236.850613733164
481,"(1, 4, 0)","(0, 0, 1, 12)",2236.8755683673453
485,"(1, 4, 0)","(1, 0, 1, 12)",2237.2532010616133
49,"(0, 1, 0)","(0, 0, 1, 12)",2237.898430325099
52,"(0, 1, 0)","(1, 0, 0, 12)",2237.9582564303823
53,"(0, 1, 0)","(1, 0, 1, 12)",2240.3491534019054
1103,"(3, 5, 0)","(0, 0, 0, 12)",2243.0132684920236
1107,"(3, 5, 0)","(1, 0, 0, 12)",2243.735794630166
1104,"(3, 5, 0)","(0, 0, 1, 12)",2243.8450518033483
1108,"(3, 5, 0)","(1, 0, 1, 12)",2244.0970298014863
1484,"(5, 0, 5)","(1, 1, 0, 12)",2247.7186837246795
248,"(0, 5, 1)","(0, 0, 0, 12)",2252.1880382362165
252,"(0, 5, 1)","(1, 0, 0, 12)",2254.185746779182
249,"(0, 5, 1)","(0, 0, 1, 12)",2254.185987523244
253,"(0, 5, 1)","(1, 0, 1, 12)",2255.367390751403
289,"(1, 0, 0)","(0, 0, 1, 12)",2262.3472687396097
292,"(1, 0, 0)","(1, 0, 0, 12)",2262.8649645170726
288,"(1, 0, 0)","(0, 0, 0, 12)",2264.6882597881004
293,"(1, 0, 0)","(1, 0, 1, 12)",2266.2565786584746
192,"(0, 4, 0)","(0, 0, 0, 12)",2268.000782823122
193,"(0, 4, 0)","(0, 0, 1, 12)",2269.9173350292217
196,"(0, 4, 0)","(1, 0, 0, 12)",2269.9774214424147
820,"(2, 5, 0)","(1, 0, 1, 12)",2270.033001858893
815,"(2, 5, 0)","(0, 0, 0, 12)",2270.334962657972
197,"(0, 4, 0)","(1, 0, 1, 12)",2271.037417902129
819,"(2, 5, 0)","(1, 0, 0, 12)",2271.1871013462264
816,"(2, 5, 0)","(0, 0, 1, 12)",2271.3070844363347
35,"(0, 0, 4)","(0, 1, 1, 12)",2285.288576679808
38,"(0, 0, 4)","(1, 1, 0, 12)",2285.552522052808
27,"(0, 0, 3)","(0, 1, 1, 12)",2285.7839179905195
34,"(0, 0, 4)","(0, 1, 0, 12)",2286.1181837062245
30,"(0, 0, 3)","(1, 1, 0, 12)",2286.2991931791985
39,"(0, 0, 4)","(1, 1, 1, 12)",2286.6557522478133
31,"(0, 0, 3)","(1, 1, 1, 12)",2287.0248397573014
26,"(0, 0, 3)","(0, 1, 0, 12)",2287.863304825167
43,"(0, 0, 5)","(0, 1, 1, 12)",2291.399772657091
46,"(0, 0, 5)","(1, 1, 0, 12)",2291.506847264554
42,"(0, 0, 5)","(0, 1, 0, 12)",2291.510176216426
47,"(0, 0, 5)","(1, 1, 1, 12)",2292.8471606474204
1480,"(5, 0, 5)","(0, 1, 0, 12)",2297.3340714903898
19,"(0, 0, 2)","(0, 1, 1, 12)",2300.099852702961
23,"(0, 0, 2)","(1, 1, 1, 12)",2301.1138208572406
22,"(0, 0, 2)","(1, 1, 0, 12)",2301.357950779796
18,"(0, 0, 2)","(0, 1, 0, 12)",2304.522532811242
533,"(1, 5, 0)","(1, 0, 1, 12)",2307.2293980573895
528,"(1, 5, 0)","(0, 0, 0, 12)",2307.319432557276
532,"(1, 5, 0)","(1, 0, 0, 12)",2308.396310312144
529,"(1, 5, 0)","(0, 0, 1, 12)",2308.4915227788833
11,"(0, 0, 1)","(0, 1, 1, 12)",2310.549254468212
15,"(0, 0, 1)","(1, 1, 1, 12)",2311.414347120489
14,"(0, 0, 1)","(1, 1, 0, 12)",2314.726713213195
10,"(0, 0, 1)","(0, 1, 0, 12)",2321.215916179566
7,"(0, 0, 0)","(1, 1, 1, 12)",2322.9807358927605
3,"(0, 0, 0)","(0, 1, 1, 12)",2338.2344784681013
6,"(0, 0, 0)","(1, 1, 0, 12)",2354.3555131855446
240,"(0, 5, 0)","(0, 0, 0, 12)",2368.9765850409754
244,"(0, 5, 0)","(1, 0, 0, 12)",2370.864361843386
241,"(0, 5, 0)","(0, 0, 1, 12)",2372.7953831701193
245,"(0, 5, 0)","(1, 0, 1, 12)",2375.101961864218
2,"(0, 0, 0)","(0, 1, 0, 12)",2384.60418943683
5,"(0, 0, 0)","(1, 0, 1, 12)",2653.6429518426253
40,"(0, 0, 5)","(0, 0, 0, 12)",2690.0406335233374
4,"(0, 0, 0)","(1, 0, 0, 12)",2691.070355186431
44,"(0, 0, 5)","(1, 0, 0, 12)",2691.7440659424747
41,"(0, 0, 5)","(0, 0, 1, 12)",2691.800985266686
45,"(0, 0, 5)","(1, 0, 1, 12)",2693.560977038905
32,"(0, 0, 4)","(0, 0, 0, 12)",2694.289513596004
36,"(0, 0, 4)","(1, 0, 0, 12)",2695.7415771763535
33,"(0, 0, 4)","(0, 0, 1, 12)",2695.8816213547293
37,"(0, 0, 4)","(1, 0, 1, 12)",2697.5030090043497
24,"(0, 0, 3)","(0, 0, 0, 12)",2698.4592718985837
28,"(0, 0, 3)","(1, 0, 0, 12)",2699.3171286879256
25,"(0, 0, 3)","(0, 0, 1, 12)",2699.59594595562
29,"(0, 0, 3)","(1, 0, 1, 12)",2700.959377698556
20,"(0, 0, 2)","(1, 0, 0, 12)",2704.921111833716
17,"(0, 0, 2)","(0, 0, 1, 12)",2705.8270023241566
16,"(0, 0, 2)","(0, 0, 0, 12)",2706.1463801857212
21,"(0, 0, 2)","(1, 0, 1, 12)",2706.244844172623
12,"(0, 0, 1)","(1, 0, 0, 12)",2715.9286651655007
13,"(0, 0, 1)","(1, 0, 1, 12)",2716.03445153389
9,"(0, 0, 1)","(0, 0, 1, 12)",2720.049042705046
8,"(0, 0, 1)","(0, 0, 0, 12)",2727.5831741674724
1,"(0, 0, 0)","(0, 0, 1, 12)",2759.550216515974
0,"(0, 0, 0)","(0, 0, 0, 12)",2805.061323055856
