pdq,Spdq,aic
"(0, 2, 2)","(0, 2, 1, 24)",1430.528391448424
"(0, 2, 2)","(1, 2, 1, 24)",1431.6910601411053
"(0, 2, 2)","(0, 2, 2, 24)",1431.8633366460501
"(1, 2, 1)","(0, 2, 1, 24)",1431.9405471924526
"(2, 2, 2)","(0, 2, 1, 24)",1432.1275008260136
"(1, 2, 2)","(0, 2, 2, 24)",1432.6636921036204
"(2, 2, 1)","(0, 2, 1, 24)",1432.7004527870092
"(1, 2, 1)","(1, 2, 1, 24)",1433.1522303865947
"(2, 2, 2)","(1, 2, 1, 24)",1433.6803382132184
"(2, 2, 2)","(0, 2, 2, 24)",1433.7166554739317
"(1, 2, 1)","(2, 2, 1, 24)",1434.2790361777177
"(0, 2, 1)","(0, 2, 1, 24)",1434.5735979442481
"(2, 2, 2)","(2, 2, 1, 24)",1435.5528750691867
"(2, 2, 2)","(1, 2, 2, 24)",1435.6053633237805
"(0, 2, 1)","(0, 2, 2, 24)",1436.0479840514668
"(2, 2, 2)","(2, 2, 2, 24)",1437.5487456463898
"(0, 2, 1)","(2, 2, 1, 24)",1437.8818099604441
"(0, 2, 1)","(1, 2, 2, 24)",1438.5896865243913
"(1, 2, 2)","(0, 2, 1, 24)",1439.1358207722744
"(2, 1, 1)","(0, 2, 1, 24)",1439.4120450065097
"(1, 1, 1)","(0, 2, 1, 24)",1439.8281376884706
"(1, 2, 2)","(1, 2, 1, 24)",1440.5745736950946
"(2, 1, 1)","(0, 2, 2, 24)",1440.743527324228
"(1, 1, 0)","(1, 2, 1, 24)",1441.4432415792353
"(2, 2, 0)","(0, 2, 1, 24)",1441.8220578059604
"(2, 1, 1)","(1, 2, 1, 24)",1442.2418848737782
"(0, 1, 0)","(0, 2, 1, 24)",1442.342252095696
"(1, 2, 2)","(2, 2, 1, 24)",1442.401910122691
"(1, 2, 2)","(1, 2, 2, 24)",1442.480718739307
"(1, 1, 2)","(1, 2, 1, 24)",1442.5140226631465
"(1, 1, 2)","(0, 2, 2, 24)",1442.5456905126366
"(2, 1, 2)","(2, 2, 1, 24)",1442.5783009680915
"(1, 1, 1)","(1, 2, 1, 24)",1442.8182096822256
"(0, 1, 2)","(0, 2, 1, 24)",1443.0926675824294
"(2, 1, 2)","(1, 2, 2, 24)",1443.3498459499876
"(0, 1, 1)","(0, 2, 1, 24)",1443.4983156845817
"(1, 1, 2)","(0, 2, 1, 24)",1443.8821746189924
"(0, 1, 0)","(1, 2, 1, 24)",1444.1119979101563
"(1, 2, 2)","(2, 2, 2, 24)",1444.3946006096082
"(1, 1, 2)","(1, 2, 2, 24)",1444.4798765193702
"(2, 1, 2)","(2, 2, 2, 24)",1444.665532760872
"(0, 1, 2)","(1, 2, 1, 24)",1444.8841630324364
"(0, 1, 2)","(0, 2, 2, 24)",1444.9070463870469
"(0, 1, 1)","(1, 2, 1, 24)",1445.3488940413242
"(0, 1, 1)","(0, 2, 2, 24)",1445.3594496190162
"(2, 1, 0)","(1, 2, 2, 24)",1445.4489321109766
"(1, 1, 0)","(0, 2, 1, 24)",1445.5340845034543
"(2, 1, 0)","(0, 2, 1, 24)",1445.5448187300592
"(2, 1, 2)","(0, 2, 1, 24)",1445.7823182756033
"(0, 1, 0)","(1, 2, 2, 24)",1446.2292173444553
"(1, 1, 2)","(2, 2, 2, 24)",1446.497165270625
"(0, 1, 2)","(2, 2, 1, 24)",1446.7713216255595
"(0, 1, 2)","(1, 2, 2, 24)",1447.0059491835848
"(0, 1, 1)","(2, 2, 1, 24)",1447.2993374122655
"(1, 1, 1)","(0, 2, 2, 24)",1447.3263472892756
"(2, 1, 0)","(1, 2, 1, 24)",1447.3403247886895
"(2, 1, 0)","(0, 2, 2, 24)",1447.3529364933072
"(2, 1, 2)","(1, 2, 1, 24)",1447.3815554278972
"(0, 1, 1)","(1, 2, 2, 24)",1447.4118350552314
"(2, 1, 2)","(0, 2, 2, 24)",1447.4313892991718
"(1, 1, 2)","(2, 2, 1, 24)",1447.4585980155855
"(1, 1, 0)","(0, 2, 2, 24)",1447.5288245846384
"(2, 2, 2)","(2, 2, 0, 24)",1447.751760983729
"(2, 1, 1)","(1, 2, 2, 24)",1448.414378598626
"(2, 1, 1)","(2, 2, 1, 24)",1448.421932475174
"(0, 1, 2)","(2, 2, 2, 24)",1448.7651803103624
"(2, 2, 1)","(1, 2, 1, 24)",1449.0119049770267
"(2, 2, 1)","(0, 2, 2, 24)",1449.0252306981251
"(1, 2, 2)","(2, 2, 0, 24)",1449.1751949059842
"(1, 1, 1)","(2, 2, 1, 24)",1449.262902825052
"(1, 1, 1)","(1, 2, 2, 24)",1449.2722787906873
"(0, 1, 1)","(2, 2, 2, 24)",1449.2950204403314
"(2, 1, 0)","(2, 2, 1, 24)",1449.3085792265583
"(0, 2, 1)","(2, 2, 0, 24)",1449.3724485342107
"(1, 1, 0)","(2, 2, 1, 24)",1449.4694122300982
"(1, 1, 0)","(1, 2, 2, 24)",1449.5339867982755
"(1, 2, 1)","(0, 2, 2, 24)",1450.0592228005685
"(2, 1, 1)","(2, 2, 2, 24)",1450.4327426057912
"(0, 2, 2)","(2, 2, 1, 24)",1450.7033023142808
"(0, 2, 2)","(1, 2, 2, 24)",1450.7207480557115
"(2, 2, 1)","(2, 2, 1, 24)",1450.9876973215482
"(2, 2, 1)","(1, 2, 2, 24)",1450.996285457863
"(1, 1, 1)","(2, 2, 2, 24)",1451.2585144436398
"(2, 1, 0)","(2, 2, 2, 24)",1451.340115680739
"(1, 1, 0)","(2, 2, 2, 24)",1451.4664717060068
"(1, 2, 1)","(1, 2, 2, 24)",1452.021642165971
"(2, 1, 2)","(2, 2, 0, 24)",1452.3187871641217
"(0, 2, 2)","(2, 2, 2, 24)",1452.7005004480734
"(1, 2, 1)","(2, 2, 2, 24)",1452.7933251917866
"(2, 2, 1)","(2, 2, 2, 24)",1452.9843731556864
"(1, 2, 0)","(1, 2, 1, 24)",1454.2912520373968
"(2, 2, 0)","(1, 2, 1, 24)",1454.4262911731616
"(2, 2, 0)","(0, 2, 2, 24)",1454.4533900564845
"(0, 2, 2)","(2, 2, 0, 24)",1454.8342624675938
"(0, 1, 0)","(0, 2, 2, 24)",1455.0374915209773
"(1, 2, 0)","(0, 2, 2, 24)",1455.040214902905
"(1, 2, 0)","(2, 2, 1, 24)",1455.4839074996346
"(2, 2, 1)","(2, 2, 0, 24)",1455.501302456033
"(0, 1, 1)","(2, 2, 0, 24)",1455.6707709131429
"(1, 2, 0)","(1, 2, 2, 24)",1455.8466916411717
"(1, 2, 0)","(0, 2, 1, 24)",1455.8891728891401
"(0, 2, 1)","(1, 2, 1, 24)",1455.9396642028528
"(0, 1, 0)","(2, 2, 2, 24)",1456.2275403695323
"(1, 1, 2)","(2, 2, 0, 24)",1456.3019322770997
"(2, 2, 0)","(2, 2, 1, 24)",1456.4209513696064
"(2, 2, 0)","(1, 2, 2, 24)",1456.4216188988898
"(1, 2, 1)","(2, 2, 0, 24)",1456.4236254683221
"(0, 1, 2)","(2, 2, 0, 24)",1456.75470057509
"(2, 1, 0)","(2, 2, 0, 24)",1457.0568486368434
"(1, 1, 0)","(2, 2, 0, 24)",1457.32025945875
"(1, 1, 1)","(2, 2, 0, 24)",1457.58736733625
"(2, 1, 1)","(2, 2, 0, 24)",1457.7147581934398
"(2, 2, 0)","(2, 2, 2, 24)",1458.4262700727822
"(1, 0, 1)","(0, 2, 1, 24)",1458.8928553247576
"(0, 2, 1)","(2, 2, 2, 24)",1459.5774675045743
"(2, 0, 2)","(1, 2, 1, 24)",1461.089166210682
"(1, 2, 2)","(1, 2, 0, 24)",1462.0516221951907
"(1, 0, 1)","(1, 2, 1, 24)",1462.4071158658512
"(2, 0, 2)","(2, 2, 1, 24)",1462.4693472269057
"(1, 0, 2)","(1, 2, 1, 24)",1462.8808214946575
"(0, 2, 2)","(1, 2, 0, 24)",1463.6101542824506
"(2, 2, 0)","(2, 2, 0, 24)",1463.679473378525
"(1, 0, 1)","(2, 2, 1, 24)",1464.0941475998138
"(1, 0, 1)","(1, 2, 2, 24)",1464.1521420930965
"(2, 0, 0)","(2, 2, 1, 24)",1464.3000645089605
"(1, 0, 2)","(2, 2, 1, 24)",1464.3416088897789
"(2, 0, 1)","(1, 2, 1, 24)",1464.4061536616002
"(2, 2, 2)","(1, 2, 0, 24)",1464.8744612578923
"(1, 2, 1)","(1, 2, 0, 24)",1465.834755316745
"(1, 0, 1)","(2, 2, 2, 24)",1466.0071724767395
"(2, 2, 1)","(1, 2, 0, 24)",1466.0539707813746
"(2, 0, 1)","(2, 2, 1, 24)",1466.0772471072057
"(2, 1, 2)","(1, 2, 0, 24)",1466.5349097559242
"(1, 0, 0)","(2, 2, 1, 24)",1466.7132532371631
"(0, 1, 1)","(1, 2, 0, 24)",1467.071467355228
"(1, 1, 0)","(1, 2, 0, 24)",1467.632705365842
"(1, 1, 2)","(1, 2, 0, 24)",1467.8306173450844
"(2, 1, 0)","(1, 2, 0, 24)",1468.739525219879
"(1, 0, 0)","(0, 2, 2, 24)",1468.931079690437
"(1, 1, 1)","(1, 2, 0, 24)",1469.047133545886
"(0, 0, 1)","(2, 2, 0, 24)",1469.088335171014
"(0, 0, 1)","(0, 2, 2, 24)",1469.3048753356736
"(0, 1, 0)","(1, 2, 0, 24)",1469.6690857709332
"(1, 0, 0)","(1, 2, 2, 24)",1469.8183220704036
"(0, 2, 1)","(1, 2, 0, 24)",1469.9250977886925
"(0, 1, 2)","(1, 2, 0, 24)",1470.0178593269368
"(0, 0, 1)","(2, 2, 1, 24)",1470.1903338324541
"(0, 0, 2)","(2, 2, 0, 24)",1470.1933673364117
"(0, 0, 1)","(1, 2, 2, 24)",1470.235195000111
"(0, 0, 2)","(0, 2, 2, 24)",1470.4537936857246
"(1, 0, 1)","(0, 2, 2, 24)",1470.5076697399818
"(2, 0, 0)","(0, 2, 2, 24)",1470.6368626743738
"(2, 1, 1)","(1, 2, 0, 24)",1470.7625551112324
"(0, 0, 2)","(2, 2, 1, 24)",1471.0539470553315
"(1, 0, 0)","(1, 2, 1, 24)",1471.072587489751
"(0, 0, 2)","(1, 2, 2, 24)",1471.111633555169
"(1, 0, 0)","(2, 2, 2, 24)",1471.1398106970855
"(2, 0, 0)","(1, 2, 2, 24)",1471.4336819987407
"(0, 0, 1)","(0, 2, 0, 24)",1472.049452132891
"(1, 0, 0)","(0, 2, 0, 24)",1472.060011089574
"(0, 0, 1)","(2, 2, 2, 24)",1472.2219067927751
"(0, 0, 0)","(2, 2, 0, 24)",1472.2343012344763
"(0, 0, 2)","(2, 2, 2, 24)",1472.3625961781895
"(0, 0, 1)","(1, 2, 1, 24)",1472.6109551255856
"(0, 0, 0)","(0, 2, 2, 24)",1472.7267330070088
"(2, 0, 0)","(2, 2, 2, 24)",1472.7492115628334
"(2, 0, 1)","(0, 2, 2, 24)",1472.7521021862215
"(1, 0, 2)","(0, 2, 2, 24)",1472.766122603107
"(2, 0, 0)","(1, 2, 1, 24)",1472.8907880446568
"(0, 0, 0)","(1, 2, 2, 24)",1473.351878396053
"(1, 0, 2)","(1, 2, 2, 24)",1473.3915937801312
"(2, 0, 1)","(1, 2, 2, 24)",1473.6228387731167
"(1, 0, 0)","(0, 2, 1, 24)",1473.8830529612444
"(0, 0, 1)","(0, 2, 1, 24)",1473.9758454255477
"(0, 0, 1)","(1, 2, 0, 24)",1473.982590433047
"(1, 0, 1)","(0, 2, 0, 24)",1473.9882899351587
"(2, 0, 0)","(0, 2, 0, 24)",1474.0632998204435
"(0, 0, 2)","(1, 2, 1, 24)",1474.1727396882586
"(2, 0, 1)","(2, 2, 2, 24)",1474.2482824494662
"(0, 0, 0)","(2, 2, 2, 24)",1474.3307684544197
"(1, 2, 0)","(2, 2, 2, 24)",1474.372640340701
"(1, 0, 2)","(2, 2, 2, 24)",1474.5876729507152
"(0, 0, 2)","(0, 2, 0, 24)",1474.6914653563333
"(2, 0, 2)","(0, 2, 2, 24)",1475.1951594614643
"(2, 0, 2)","(1, 2, 2, 24)",1475.7280889163903
"(2, 0, 0)","(0, 2, 1, 24)",1475.9284344396447
"(0, 0, 0)","(2, 2, 1, 24)",1475.9503540615488
"(1, 0, 1)","(2, 2, 0, 24)",1476.0042771913181
"(2, 0, 1)","(0, 2, 0, 24)",1476.0285249800763
"(2, 0, 0)","(2, 2, 0, 24)",1476.4417275337664
"(0, 0, 2)","(0, 2, 1, 24)",1476.582746307427
"(0, 0, 2)","(1, 2, 0, 24)",1476.5937605188972
"(2, 0, 2)","(2, 2, 2, 24)",1476.8977897434468
"(1, 0, 2)","(0, 2, 0, 24)",1477.347679624472
"(0, 0, 0)","(0, 2, 0, 24)",1477.4032765737622
"(0, 1, 0)","(2, 2, 0, 24)",1477.4881312284663
"(1, 0, 0)","(2, 2, 0, 24)",1477.6472453726133
"(2, 0, 2)","(2, 2, 0, 24)",1477.7060379476993
"(1, 0, 2)","(0, 2, 1, 24)",1477.737165421674
"(2, 0, 1)","(0, 2, 1, 24)",1477.9185520857534
"(2, 0, 1)","(2, 2, 0, 24)",1478.0029419229265
"(1, 2, 0)","(2, 2, 0, 24)",1478.964414363863
"(1, 0, 2)","(2, 2, 0, 24)",1479.0849212957216
"(2, 2, 0)","(1, 2, 0, 24)",1479.119527781902
"(2, 0, 2)","(0, 2, 0, 24)",1480.6067015798822
"(0, 0, 0)","(1, 2, 1, 24)",1481.4063047953944
"(0, 1, 0)","(0, 2, 0, 24)",1481.9583918993708
"(0, 1, 1)","(0, 2, 0, 24)",1482.27153554075
"(2, 0, 2)","(0, 2, 1, 24)",1482.2856167380812
"(1, 2, 2)","(0, 2, 0, 24)",1483.2893065609796
"(0, 1, 2)","(0, 2, 0, 24)",1483.4363686071958
"(2, 2, 2)","(0, 2, 0, 24)",1484.4853145156364
"(1, 1, 0)","(0, 2, 0, 24)",1484.6103110226536
"(2, 1, 0)","(0, 2, 0, 24)",1486.4121087566937
"(0, 0, 0)","(1, 2, 0, 24)",1486.8667047546728
"(0, 2, 1)","(0, 2, 0, 24)",1487.311115021435
"(1, 1, 1)","(0, 2, 0, 24)",1487.4993860904324
"(0, 2, 0)","(0, 2, 1, 24)",1487.8185601908092
"(0, 0, 0)","(0, 2, 1, 24)",1488.2813055903227
"(2, 1, 1)","(0, 2, 0, 24)",1488.4537539088274
"(0, 2, 2)","(0, 2, 0, 24)",1489.1561467225758
"(2, 2, 1)","(0, 2, 0, 24)",1490.9272252136207
"(1, 2, 1)","(0, 2, 0, 24)",1490.9589945013752
"(1, 2, 0)","(1, 2, 0, 24)",1492.4841163346039
"(2, 0, 2)","(1, 2, 0, 24)",1494.9669732325233
"(1, 1, 2)","(0, 2, 0, 24)",1497.1022055535773
"(2, 1, 2)","(0, 2, 0, 24)",1499.2274431642443
"(0, 2, 0)","(2, 2, 0, 24)",1499.5422213495249
"(1, 0, 1)","(1, 2, 0, 24)",1501.6258525009496
"(2, 0, 0)","(1, 2, 0, 24)",1501.9462461685175
"(2, 0, 1)","(1, 2, 0, 24)",1503.5170648480473
"(0, 2, 0)","(0, 2, 2, 24)",1504.0043847706647
"(1, 0, 0)","(1, 2, 0, 24)",1504.7976866583072
"(0, 2, 0)","(1, 2, 1, 24)",1505.5221660201992
"(0, 2, 0)","(1, 2, 2, 24)",1505.8300680943894
"(0, 2, 0)","(2, 2, 1, 24)",1506.7153785550654
"(0, 2, 0)","(2, 2, 2, 24)",1506.9609954655361
"(1, 0, 2)","(1, 2, 0, 24)",1508.7782932669813
"(2, 2, 0)","(0, 2, 0, 24)",1513.030931871054
"(0, 2, 0)","(1, 2, 0, 24)",1524.5053228460763
"(1, 2, 0)","(0, 2, 0, 24)",1530.8938132320905
"(0, 2, 0)","(0, 2, 0, 24)",1539.4121244626583
"(1, 0, 0)","(0, 1, 0, 24)",1836.7298594667466
"(0, 0, 1)","(0, 1, 0, 24)",1836.832981145254
"(0, 0, 1)","(1, 1, 1, 24)",1837.4862645620601
"(1, 0, 0)","(2, 1, 2, 24)",1837.5334674228377
"(0, 0, 1)","(2, 1, 2, 24)",1838.0005709979105
"(1, 0, 0)","(1, 1, 2, 24)",1838.2133163109143
"(0, 0, 1)","(1, 1, 2, 24)",1838.4927047391693
"(1, 0, 0)","(1, 1, 0, 24)",1838.7184839631354
"(1, 0, 1)","(0, 1, 0, 24)",1838.779842176223
"(0, 0, 1)","(1, 1, 0, 24)",1838.7987804248555
"(2, 0, 0)","(0, 1, 0, 24)",1838.808311184566
"(0, 0, 2)","(0, 1, 0, 24)",1838.9629404720345
"(0, 0, 2)","(2, 1, 2, 24)",1839.48262565788
"(1, 0, 1)","(2, 1, 2, 24)",1839.6196541805566
"(1, 0, 0)","(0, 1, 2, 24)",1840.1300423136668
"(1, 0, 0)","(2, 1, 0, 24)",1840.13878338988
"(2, 0, 0)","(1, 1, 2, 24)",1840.166181413058
"(1, 0, 1)","(1, 1, 2, 24)",1840.1740396736727
"(0, 0, 2)","(1, 1, 2, 24)",1840.2154294184834
"(0, 0, 1)","(0, 1, 2, 24)",1840.2283320115062
"(1, 0, 0)","(2, 1, 1, 24)",1840.2425848778585
"(0, 0, 1)","(2, 1, 0, 24)",1840.243537282749
"(0, 0, 1)","(2, 1, 1, 24)",1840.4683054422267
"(2, 0, 0)","(2, 1, 2, 24)",1840.5078752131117
"(2, 0, 1)","(0, 1, 0, 24)",1840.5421914732335
"(2, 0, 0)","(1, 1, 1, 24)",1840.6708518950074
"(1, 0, 0)","(1, 1, 1, 24)",1840.7143524567193
"(1, 0, 1)","(1, 1, 0, 24)",1840.7667080811202
"(0, 0, 2)","(1, 1, 1, 24)",1840.7867910274108
"(2, 0, 0)","(1, 1, 0, 24)",1840.7947100785716
"(0, 0, 2)","(1, 1, 0, 24)",1840.951665741665
"(2, 0, 1)","(2, 1, 2, 24)",1841.0456607170531
"(1, 0, 2)","(2, 1, 2, 24)",1841.352643321077
"(2, 0, 1)","(1, 1, 2, 24)",1841.574159056768
"(0, 0, 0)","(2, 1, 2, 24)",1841.6091850013165
"(1, 0, 2)","(0, 1, 0, 24)",1841.6233070705698
"(0, 0, 0)","(0, 1, 0, 24)",1841.798139671756
"(0, 0, 0)","(1, 1, 2, 24)",1841.9849927429607
"(1, 0, 1)","(0, 1, 2, 24)",1842.1665900024882
"(1, 0, 1)","(2, 1, 0, 24)",1842.1769224711195
"(2, 0, 0)","(0, 1, 2, 24)",1842.1899768301041
"(1, 0, 2)","(1, 1, 2, 24)",1842.1914107999135
"(2, 0, 0)","(2, 1, 0, 24)",1842.2008039508598
"(2, 0, 1)","(1, 1, 1, 24)",1842.2284551582397
"(2, 0, 2)","(1, 1, 1, 24)",1842.236522993458
"(2, 0, 0)","(2, 1, 1, 24)",1842.2606742133266
"(1, 0, 1)","(2, 1, 1, 24)",1842.2951532620386
"(2, 0, 1)","(1, 1, 0, 24)",1842.31435947023
"(0, 0, 2)","(0, 1, 2, 24)",1842.334579939172
"(0, 0, 2)","(2, 1, 0, 24)",1842.3442015615665
"(0, 0, 2)","(2, 1, 1, 24)",1842.3527058033087
"(2, 0, 2)","(0, 1, 0, 24)",1842.6837053480779
"(1, 0, 1)","(1, 1, 1, 24)",1842.7752834618052
"(1, 0, 2)","(1, 1, 1, 24)",1842.9943750094856
"(2, 0, 2)","(1, 1, 2, 24)",1843.2030903828997
"(1, 0, 2)","(1, 1, 0, 24)",1843.412731518792
"(2, 0, 1)","(0, 1, 2, 24)",1843.6723766670577
"(2, 0, 1)","(2, 1, 0, 24)",1843.7292361806847
"(1, 0, 2)","(2, 1, 1, 24)",1844.0320345484256
"(2, 0, 1)","(2, 1, 1, 24)",1844.205676241053
"(0, 0, 0)","(1, 1, 0, 24)",1844.3831126636494
"(2, 0, 2)","(1, 1, 0, 24)",1844.403686875479
"(0, 0, 0)","(0, 1, 2, 24)",1844.5631153214467
"(1, 0, 2)","(0, 1, 2, 24)",1844.703963554373
"(2, 0, 2)","(2, 1, 2, 24)",1844.715500073156
"(1, 0, 2)","(2, 1, 0, 24)",1844.757747432599
"(0, 0, 0)","(2, 1, 0, 24)",1845.2064133184113
"(0, 0, 0)","(1, 1, 1, 24)",1845.5131116691296
"(2, 0, 2)","(0, 1, 2, 24)",1845.7195034521494
"(2, 0, 2)","(2, 1, 0, 24)",1845.7704219238356
"(2, 0, 2)","(2, 1, 1, 24)",1845.98996182416
"(0, 1, 0)","(0, 1, 1, 24)",1856.402933284846
"(0, 1, 0)","(1, 1, 1, 24)",1856.406905949844
"(1, 1, 0)","(0, 1, 1, 24)",1856.925751630846
"(0, 1, 0)","(1, 1, 0, 24)",1856.9668649756813
"(0, 1, 1)","(1, 1, 1, 24)",1857.2096049524143
"(1, 1, 0)","(1, 1, 1, 24)",1857.2127877498838
"(0, 1, 0)","(0, 1, 2, 24)",1857.753519330385
"(0, 1, 0)","(2, 1, 0, 24)",1857.870572526971
"(0, 1, 0)","(1, 1, 2, 24)",1857.9871466225754
"(0, 1, 0)","(0, 1, 0, 24)",1858.1412217361171
"(0, 1, 1)","(1, 1, 2, 24)",1858.3170278792045
"(1, 1, 0)","(1, 1, 2, 24)",1858.3217772744315
"(0, 1, 1)","(0, 1, 2, 24)",1858.5097657858655
"(0, 1, 1)","(2, 1, 0, 24)",1858.7096874779418
"(1, 1, 0)","(1, 1, 0, 24)",1858.9433431851758
"(1, 1, 1)","(1, 1, 1, 24)",1859.1592345182362
"(0, 1, 2)","(1, 1, 1, 24)",1859.2095541723477
"(2, 1, 0)","(1, 1, 1, 24)",1859.2111227308085
"(0, 1, 1)","(0, 1, 0, 24)",1859.340852299761
"(0, 1, 0)","(2, 1, 1, 24)",1859.5947706020966
"(0, 1, 0)","(2, 1, 2, 24)",1859.94243625404
"(1, 1, 0)","(0, 1, 2, 24)",1860.1221489675527
"(0, 1, 2)","(1, 1, 2, 24)",1860.3168697262454
"(2, 1, 0)","(1, 1, 2, 24)",1860.3191665942147
"(1, 1, 0)","(2, 1, 0, 24)",1860.367995851732
"(0, 1, 1)","(0, 1, 1, 24)",1860.8838468430927
"(0, 1, 1)","(1, 1, 0, 24)",1861.2725675678873
"(1, 1, 0)","(2, 1, 2, 24)",1861.3684696077191
"(1, 1, 1)","(1, 1, 2, 24)",1861.9804707592439
"(2, 1, 1)","(1, 1, 1, 24)",1862.1997361990238
"(1, 1, 0)","(0, 1, 0, 24)",1862.2782416607065
"(2, 1, 0)","(0, 1, 1, 24)",1862.3091005786684
"(1, 1, 0)","(2, 1, 1, 24)",1862.4347725783243
"(0, 1, 1)","(2, 1, 2, 24)",1862.4930100779816
"(2, 1, 0)","(1, 1, 0, 24)",1862.6888504342653
"(1, 1, 1)","(0, 1, 1, 24)",1862.8819457264965
"(1, 1, 2)","(1, 1, 1, 24)",1863.0170114435027
"(1, 1, 1)","(1, 1, 0, 24)",1863.2737000582345
"(2, 1, 1)","(0, 1, 0, 24)",1863.3437361646688
"(2, 1, 1)","(1, 1, 2, 24)",1863.579385893748
"(2, 1, 0)","(0, 1, 2, 24)",1863.7687095043777
"(2, 1, 0)","(2, 1, 0, 24)",1864.0412833198955
"(2, 1, 0)","(2, 1, 2, 24)",1864.1968494742275
"(1, 1, 1)","(0, 1, 2, 24)",1864.3297759055301
"(1, 1, 1)","(2, 1, 2, 24)",1864.5245362329354
"(2, 1, 2)","(1, 1, 1, 24)",1864.5280259851
"(1, 1, 1)","(2, 1, 0, 24)",1864.6073370148251
"(0, 1, 1)","(2, 1, 1, 24)",1864.693502321617
"(2, 1, 1)","(0, 1, 1, 24)",1864.8670039526162
"(2, 1, 2)","(0, 1, 2, 24)",1865.2223532096402
"(2, 1, 1)","(1, 1, 0, 24)",1865.257768886418
"(0, 1, 2)","(0, 1, 1, 24)",1865.8116142952908
"(1, 1, 2)","(1, 1, 2, 24)",1866.0906594837018
"(2, 1, 0)","(2, 1, 1, 24)",1866.1133513575824
"(0, 0, 0)","(2, 1, 1, 24)",1866.202777978761
"(0, 1, 2)","(2, 1, 2, 24)",1866.2314257491505
"(0, 1, 2)","(1, 1, 0, 24)",1866.2499212221737
"(2, 1, 1)","(0, 1, 2, 24)",1866.315229702799
"(1, 1, 2)","(2, 1, 1, 24)",1866.4475422529615
"(2, 1, 1)","(2, 1, 2, 24)",1866.5039773147998
"(2, 1, 0)","(0, 1, 0, 24)",1866.517547177054
"(2, 1, 1)","(2, 1, 0, 24)",1866.5933450853938
"(1, 1, 1)","(2, 1, 1, 24)",1866.6800182583688
"(0, 1, 2)","(0, 1, 2, 24)",1867.209309221677
"(1, 1, 1)","(0, 1, 0, 24)",1867.2383896116066
"(0, 1, 2)","(2, 1, 0, 24)",1867.5166321818701
"(2, 1, 2)","(1, 1, 2, 24)",1868.2769823576684
"(2, 1, 1)","(2, 1, 1, 24)",1868.6655579128771
"(1, 1, 2)","(2, 1, 2, 24)",1868.6966826913354
"(1, 1, 2)","(0, 1, 1, 24)",1869.1933726261093
"(0, 1, 2)","(2, 1, 1, 24)",1869.5957274131429
"(1, 1, 2)","(1, 1, 0, 24)",1869.6512798254028
"(1, 1, 2)","(0, 1, 2, 24)",1870.5637779593837
"(2, 1, 2)","(2, 1, 2, 24)",1870.7474584156296
"(2, 1, 2)","(0, 1, 1, 24)",1870.8333133283948
"(0, 1, 2)","(0, 1, 0, 24)",1870.8506327597286
"(1, 1, 2)","(2, 1, 0, 24)",1870.882240300434
"(2, 1, 2)","(1, 1, 0, 24)",1871.2728900383165
"(2, 1, 2)","(2, 1, 1, 24)",1871.6106057286884
"(2, 1, 2)","(2, 1, 0, 24)",1872.552612184873
"(1, 1, 2)","(0, 1, 0, 24)",1874.4961733941752
"(2, 1, 2)","(0, 1, 0, 24)",1876.070688418348
"(0, 2, 1)","(1, 1, 1, 24)",1881.5738036878747
"(0, 2, 1)","(2, 1, 1, 24)",1882.9219972310063
"(0, 2, 1)","(1, 1, 2, 24)",1882.9606771177246
"(0, 2, 2)","(1, 1, 1, 24)",1883.413242856945
"(1, 2, 1)","(1, 1, 1, 24)",1883.414392375194
"(0, 2, 1)","(0, 1, 1, 24)",1883.899936108678
"(1, 2, 1)","(1, 1, 2, 24)",1884.8638598445073
"(0, 2, 2)","(1, 1, 2, 24)",1884.8668920618911
"(1, 2, 1)","(2, 1, 1, 24)",1884.9105490824268
"(0, 2, 1)","(2, 1, 2, 24)",1884.926862843578
"(2, 2, 1)","(1, 1, 1, 24)",1885.4205251075093
"(0, 2, 1)","(0, 1, 2, 24)",1885.5190307083326
"(1, 2, 1)","(0, 1, 1, 24)",1885.8468121856927
"(0, 2, 2)","(0, 1, 1, 24)",1885.8468606716735
"(1, 2, 2)","(0, 1, 2, 24)",1886.894241072669
"(2, 2, 1)","(1, 1, 2, 24)",1886.9406837784234
"(0, 2, 2)","(2, 1, 1, 24)",1887.1922557952785
"(0, 2, 1)","(2, 1, 0, 24)",1887.643662527154
"(1, 2, 2)","(0, 1, 1, 24)",1887.8056952996692
"(1, 2, 1)","(1, 1, 0, 24)",1887.9144345598481
"(0, 2, 2)","(1, 1, 0, 24)",1887.9272043070425
"(1, 2, 1)","(2, 1, 2, 24)",1888.0029392925053
"(2, 2, 1)","(2, 1, 1, 24)",1888.3929562743303
"(1, 2, 2)","(1, 1, 0, 24)",1888.5195217053595
"(1, 2, 2)","(2, 1, 0, 24)",1888.8300391888213
"(0, 2, 1)","(1, 1, 0, 24)",1888.9908760520534
"(0, 2, 2)","(2, 1, 2, 24)",1889.028323452505
"(2, 2, 1)","(2, 1, 0, 24)",1889.372227534724
"(2, 2, 1)","(1, 1, 0, 24)",1889.881546085225
"(2, 2, 1)","(2, 1, 2, 24)",1890.731194653579
"(1, 2, 1)","(0, 1, 2, 24)",1891.2429036617261
"(1, 2, 2)","(1, 1, 1, 24)",1892.105670386738
"(2, 2, 2)","(0, 1, 2, 24)",1893.0942887468448
"(1, 2, 1)","(2, 1, 0, 24)",1893.6828524355294
"(2, 2, 1)","(0, 1, 2, 24)",1894.006663507034
"(1, 2, 2)","(1, 1, 2, 24)",1894.3944233853483
"(1, 2, 2)","(2, 1, 1, 24)",1894.4022676096315
"(0, 2, 1)","(0, 1, 0, 24)",1894.464573781939
"(2, 2, 2)","(0, 1, 1, 24)",1894.6107678009093
"(0, 2, 2)","(0, 1, 2, 24)",1895.0705452227962
"(2, 2, 2)","(1, 1, 0, 24)",1895.15932070674
"(2, 2, 1)","(0, 1, 1, 24)",1895.2316331459836
"(2, 2, 2)","(1, 1, 1, 24)",1895.8018901284909
"(2, 2, 1)","(0, 1, 0, 24)",1896.5504194921384
"(1, 2, 2)","(2, 1, 2, 24)",1896.684866307728
"(1, 2, 1)","(0, 1, 0, 24)",1896.99806011317
"(0, 2, 2)","(2, 1, 0, 24)",1897.844995007457
"(0, 2, 2)","(0, 1, 0, 24)",1898.05860474216
"(1, 2, 2)","(0, 1, 0, 24)",1898.6298351935068
"(2, 2, 2)","(2, 1, 1, 24)",1903.212211020956
"(2, 2, 2)","(1, 1, 2, 24)",1903.3296406538682
"(2, 2, 2)","(0, 1, 0, 24)",1905.653074454998
"(2, 2, 2)","(2, 1, 2, 24)",1911.3080904583294
"(2, 2, 0)","(1, 1, 1, 24)",1911.6349474205097
"(2, 2, 0)","(1, 1, 2, 24)",1913.103695675009
"(2, 2, 0)","(2, 1, 1, 24)",1913.1169322506264
"(2, 2, 2)","(2, 1, 0, 24)",1916.9518667070026
"(2, 2, 0)","(2, 1, 2, 24)",1918.9807408453173
"(1, 2, 0)","(1, 1, 1, 24)",1919.480254577222
"(1, 2, 0)","(1, 1, 2, 24)",1921.0522065701073
"(2, 2, 0)","(0, 1, 2, 24)",1923.5592251040598
"(1, 2, 0)","(2, 1, 2, 24)",1923.778223486689
"(2, 2, 0)","(0, 1, 1, 24)",1925.2181116733686
"(2, 2, 0)","(2, 1, 0, 24)",1925.9679393003419
"(1, 2, 0)","(0, 1, 1, 24)",1926.172143168953
"(1, 2, 0)","(0, 1, 2, 24)",1926.317143201357
"(1, 2, 0)","(2, 1, 0, 24)",1927.7573722216669
"(1, 2, 0)","(1, 1, 0, 24)",1927.9761138886533
"(2, 2, 0)","(1, 1, 0, 24)",1929.0176238118415
"(1, 2, 0)","(2, 1, 1, 24)",1929.850232079242
"(1, 2, 0)","(0, 1, 0, 24)",1936.8303358115795
"(0, 2, 0)","(1, 1, 1, 24)",1936.924603569711
"(0, 2, 0)","(1, 1, 2, 24)",1939.5521858358616
"(0, 2, 0)","(0, 1, 1, 24)",1939.86554841103
"(0, 2, 0)","(0, 1, 2, 24)",1939.9975275427296
"(0, 2, 0)","(2, 1, 2, 24)",1940.3082977145357
"(0, 2, 0)","(2, 1, 0, 24)",1940.4037926617357
"(0, 2, 0)","(1, 1, 0, 24)",1940.9255034018338
"(0, 2, 0)","(2, 1, 1, 24)",1941.824613469739
"(2, 2, 0)","(0, 1, 0, 24)",1942.582066610878
"(0, 2, 0)","(0, 1, 0, 24)",1943.3682707397686
"(1, 0, 0)","(0, 1, 1, 24)",2048.4816020583085
"(2, 0, 0)","(0, 1, 1, 24)",2049.9578505546015
"(1, 0, 1)","(0, 1, 1, 24)",2049.96210483865
"(1, 0, 2)","(0, 1, 1, 24)",2051.9590592162667
"(2, 0, 1)","(0, 1, 1, 24)",2052.4816507377327
"(0, 0, 2)","(0, 1, 1, 24)",2130.1670779065025
"(0, 0, 1)","(0, 1, 1, 24)",2181.9636949278247
"(2, 0, 2)","(0, 1, 1, 24)",2212.661392238391
"(0, 0, 0)","(0, 1, 1, 24)",2279.1216452550652
"(1, 0, 1)","(1, 0, 1, 24)",2347.99488529698
"(2, 0, 0)","(1, 0, 2, 24)",2348.8077644681907
"(2, 0, 2)","(2, 0, 0, 24)",2351.6341742156765
"(1, 0, 1)","(1, 0, 2, 24)",2353.3409034319193
"(1, 0, 2)","(1, 0, 2, 24)",2354.247877938424
"(2, 0, 0)","(2, 0, 0, 24)",2356.0246874746053
"(2, 0, 1)","(1, 0, 1, 24)",2356.145700601205
"(1, 0, 2)","(2, 0, 0, 24)",2357.0948386115774
"(2, 0, 1)","(2, 0, 0, 24)",2360.6204181742205
"(2, 0, 2)","(1, 0, 2, 24)",2361.546631344233
"(2, 0, 0)","(1, 0, 1, 24)",2362.9196404271584
"(1, 0, 2)","(1, 0, 1, 24)",2363.9054944130958
"(2, 0, 2)","(1, 0, 0, 24)",2365.0867659540063
"(1, 0, 0)","(1, 0, 1, 24)",2365.1875341624373
"(2, 0, 0)","(1, 0, 0, 24)",2366.974959279979
"(1, 0, 2)","(1, 0, 0, 24)",2368.6373021087775
"(2, 0, 1)","(1, 0, 0, 24)",2368.654078836658
"(1, 0, 1)","(2, 0, 0, 24)",2368.993422172586
"(2, 0, 2)","(1, 0, 1, 24)",2371.8334020811203
"(1, 0, 0)","(1, 0, 2, 24)",2372.335293888337
"(1, 0, 0)","(1, 0, 0, 24)",2374.197018194262
"(2, 0, 1)","(2, 0, 1, 24)",2376.7309852993644
"(1, 0, 0)","(2, 0, 0, 24)",2376.7471786765154
"(1, 0, 1)","(2, 0, 1, 24)",2379.325431834285
"(1, 0, 1)","(1, 0, 0, 24)",2393.4207003625443
"(2, 0, 0)","(2, 0, 1, 24)",2395.1409083091103
"(2, 0, 0)","(2, 0, 2, 24)",2397.167386523834
"(2, 0, 1)","(2, 0, 2, 24)",2405.2420911482777
"(1, 0, 2)","(2, 0, 1, 24)",2406.245489554783
"(2, 1, 2)","(1, 0, 1, 24)",2409.812385190056
"(2, 1, 2)","(2, 0, 0, 24)",2410.321308821257
"(2, 0, 2)","(2, 0, 1, 24)",2410.6448351104814
"(2, 1, 2)","(2, 0, 1, 24)",2411.719038105605
"(2, 1, 2)","(1, 0, 2, 24)",2412.1924738369203
"(2, 1, 2)","(0, 0, 2, 24)",2413.018047155624
"(2, 1, 2)","(2, 0, 2, 24)",2413.6794692203243
"(1, 0, 2)","(2, 0, 2, 24)",2416.963285969346
"(2, 0, 2)","(0, 0, 2, 24)",2418.401837335639
"(1, 0, 2)","(0, 0, 2, 24)",2420.235856774286
"(2, 1, 2)","(1, 0, 0, 24)",2424.1078414662443
"(2, 0, 1)","(0, 0, 2, 24)",2424.1470411744017
"(2, 0, 0)","(0, 0, 2, 24)",2424.781168355392
"(2, 0, 2)","(2, 0, 2, 24)",2426.9994809974246
"(0, 2, 0)","(1, 0, 1, 24)",2429.4421287466903
"(0, 1, 2)","(1, 0, 2, 24)",2429.8318941390276
"(2, 1, 2)","(0, 0, 0, 24)",2430.73134803975
"(2, 2, 0)","(2, 0, 0, 24)",2431.1602065870734
"(1, 2, 0)","(2, 0, 0, 24)",2431.3187215977314
"(1, 2, 0)","(1, 0, 1, 24)",2431.3220543404655
"(2, 2, 0)","(1, 0, 1, 24)",2431.3975012535343
"(0, 2, 1)","(1, 0, 1, 24)",2431.429150435807
"(0, 2, 1)","(2, 0, 0, 24)",2431.462590355641
"(0, 2, 2)","(2, 0, 0, 24)",2431.697484658214
"(1, 2, 1)","(2, 0, 0, 24)",2431.701203406301
"(1, 2, 1)","(1, 0, 1, 24)",2431.8758978757846
"(0, 2, 2)","(1, 0, 1, 24)",2431.9448534179287
"(2, 0, 2)","(0, 0, 1, 24)",2432.349332571129
"(2, 1, 2)","(0, 0, 1, 24)",2432.5984342602915
"(2, 2, 0)","(1, 0, 2, 24)",2432.600256960205
"(0, 2, 0)","(1, 0, 2, 24)",2432.684857378638
"(1, 2, 0)","(1, 0, 2, 24)",2432.6855881955216
"(2, 1, 1)","(1, 0, 1, 24)",2432.7103207904406
"(2, 2, 0)","(2, 0, 1, 24)",2432.767002109162
"(0, 2, 1)","(1, 0, 2, 24)",2432.814529841423
"(1, 2, 0)","(2, 0, 1, 24)",2432.815741457049
"(2, 2, 0)","(0, 0, 2, 24)",2432.8270487350833
"(0, 2, 0)","(2, 0, 0, 24)",2432.888390190668
"(0, 2, 1)","(2, 0, 1, 24)",2432.941720292857
"(0, 2, 0)","(0, 0, 2, 24)",2432.9793849134
"(2, 2, 1)","(2, 0, 0, 24)",2433.1095251992974
"(1, 2, 1)","(1, 0, 2, 24)",2433.1128318554197
"(0, 2, 2)","(1, 0, 2, 24)",2433.1737433665944
"(0, 2, 2)","(0, 0, 2, 24)",2433.197314381719
"(1, 2, 1)","(2, 0, 1, 24)",2433.2716348312315
"(0, 2, 2)","(2, 0, 1, 24)",2433.3344569152105
"(2, 2, 1)","(1, 0, 1, 24)",2433.355143717107
"(1, 2, 0)","(0, 0, 2, 24)",2433.369632724795
"(0, 2, 1)","(0, 0, 2, 24)",2433.507493163952
"(1, 2, 2)","(2, 0, 0, 24)",2433.5405334732777
"(1, 2, 1)","(0, 0, 2, 24)",2433.5897894424274
"(1, 1, 2)","(1, 0, 1, 24)",2433.679667576573
"(1, 2, 2)","(1, 0, 1, 24)",2433.7984822185613
"(2, 2, 0)","(1, 0, 0, 24)",2434.0371307492
"(2, 2, 2)","(2, 0, 0, 24)",2434.0918429522817
"(1, 2, 0)","(1, 0, 0, 24)",2434.1102544102
"(2, 1, 1)","(2, 0, 0, 24)",2434.138083137349
"(0, 2, 1)","(1, 0, 0, 24)",2434.2111043380055
"(0, 2, 2)","(1, 0, 0, 24)",2434.31200646308
"(2, 2, 2)","(1, 0, 1, 24)",2434.337769548399
"(2, 2, 0)","(2, 0, 2, 24)",2434.374474097067
"(2, 1, 1)","(1, 0, 2, 24)",2434.3818497055895
"(2, 1, 1)","(2, 0, 1, 24)",2434.393777935571
"(0, 2, 0)","(2, 0, 2, 24)",2434.428583951407
"(1, 2, 0)","(2, 0, 2, 24)",2434.489994403786
"(2, 2, 1)","(1, 0, 2, 24)",2434.5501238144716
"(0, 2, 1)","(2, 0, 2, 24)",2434.6092163335175
"(2, 1, 0)","(1, 0, 1, 24)",2434.675571716801
"(1, 2, 1)","(1, 0, 0, 24)",2434.6868560342136
"(2, 2, 1)","(2, 0, 1, 24)",2434.718771532687
"(2, 2, 1)","(0, 0, 2, 24)",2434.7788348337363
"(1, 2, 1)","(2, 0, 2, 24)",2434.900196776374
"(0, 2, 2)","(2, 0, 2, 24)",2434.950862143139
"(1, 2, 2)","(1, 0, 2, 24)",2435.0126475973266
"(1, 2, 2)","(0, 0, 2, 24)",2435.0679974031195
"(1, 2, 2)","(2, 0, 1, 24)",2435.176564253338
"(1, 1, 2)","(1, 0, 2, 24)",2435.386806878936
"(1, 1, 2)","(2, 0, 1, 24)",2435.395440082528
"(1, 1, 0)","(1, 0, 1, 24)",2435.512845463215
"(2, 2, 2)","(1, 0, 2, 24)",2435.5412171222483
"(2, 2, 2)","(0, 0, 2, 24)",2435.690833630045
"(2, 2, 2)","(2, 0, 1, 24)",2435.708236846699
"(0, 2, 0)","(0, 0, 1, 24)",2435.7320087835237
"(1, 1, 1)","(1, 0, 1, 24)",2435.901520140603
"(1, 0, 0)","(0, 0, 2, 24)",2435.963483105904
"(2, 2, 1)","(1, 0, 0, 24)",2436.007133518903
"(2, 1, 0)","(2, 0, 0, 24)",2436.1033207097253
"(1, 2, 2)","(1, 0, 0, 24)",2436.212848206176
"(2, 2, 1)","(2, 0, 2, 24)",2436.3237076245214
"(2, 1, 1)","(2, 0, 2, 24)",2436.3813171231513
"(2, 1, 0)","(1, 0, 2, 24)",2436.449156846082
"(2, 1, 0)","(2, 0, 1, 24)",2436.4585480448845
"(1, 2, 2)","(2, 0, 2, 24)",2436.790674714838
"(2, 2, 2)","(1, 0, 0, 24)",2436.8912571174433
"(2, 2, 0)","(0, 0, 1, 24)",2436.898132618093
"(0, 2, 2)","(0, 0, 1, 24)",2436.949735977879
"(0, 2, 0)","(1, 0, 0, 24)",2437.210622243016
"(1, 1, 0)","(2, 0, 0, 24)",2437.2139050977416
"(1, 2, 0)","(0, 0, 1, 24)",2437.265793889022
"(2, 2, 2)","(2, 0, 2, 24)",2437.3084628939264
"(0, 2, 1)","(0, 0, 1, 24)",2437.3359161537023
"(1, 1, 0)","(1, 0, 2, 24)",2437.367896932071
"(1, 1, 0)","(2, 0, 1, 24)",2437.3776873498136
"(1, 1, 2)","(2, 0, 2, 24)",2437.386277369482
"(1, 1, 1)","(2, 0, 0, 24)",2437.5410313445923
"(1, 1, 1)","(1, 0, 2, 24)",2437.729008081778
"(1, 1, 1)","(2, 0, 1, 24)",2437.7391052446023
"(0, 0, 0)","(2, 0, 0, 24)",2437.8204573582093
"(1, 2, 1)","(0, 0, 1, 24)",2437.8379842909685
"(2, 1, 0)","(2, 0, 2, 24)",2438.446957139502
"(0, 2, 0)","(2, 0, 1, 24)",2438.586175064647
"(1, 2, 2)","(0, 0, 1, 24)",2438.865176738065
"(2, 2, 1)","(0, 0, 1, 24)",2438.8770320233752
"(1, 1, 0)","(2, 0, 2, 24)",2439.359174891354
"(2, 2, 2)","(0, 0, 1, 24)",2439.5608986691204
"(1, 1, 1)","(2, 0, 2, 24)",2439.7227767666204
"(1, 1, 2)","(2, 0, 0, 24)",2440.704098350569
"(2, 0, 0)","(0, 0, 1, 24)",2441.727467026327
"(2, 1, 1)","(1, 0, 0, 24)",2442.4177801404217
"(2, 1, 0)","(1, 0, 0, 24)",2442.7155221313883
"(1, 1, 2)","(0, 0, 2, 24)",2442.910983164095
"(1, 1, 0)","(1, 0, 0, 24)",2443.302210367523
"(1, 1, 1)","(1, 0, 0, 24)",2443.9338874758687
"(2, 1, 1)","(0, 0, 2, 24)",2444.8155366080296
"(0, 1, 2)","(1, 0, 1, 24)",2444.8928968398877
"(2, 1, 0)","(0, 0, 2, 24)",2445.5169147158485
"(0, 1, 2)","(2, 0, 0, 24)",2445.6857304916803
"(0, 2, 2)","(0, 0, 0, 24)",2445.961876182136
"(0, 1, 0)","(1, 0, 1, 24)",2446.13530940397
"(0, 2, 0)","(0, 0, 0, 24)",2446.4777138899885
"(1, 1, 0)","(0, 0, 2, 24)",2446.567105886675
"(2, 2, 0)","(0, 0, 0, 24)",2446.640960221635
"(0, 1, 2)","(2, 0, 1, 24)",2446.7010958834144
"(1, 1, 1)","(0, 0, 2, 24)",2447.070951618152
"(1, 1, 2)","(1, 0, 0, 24)",2447.392510465699
"(0, 0, 0)","(1, 0, 0, 24)",2447.6981115388444
"(1, 2, 2)","(0, 0, 0, 24)",2447.8523697240953
"(1, 2, 0)","(0, 0, 0, 24)",2448.0071690577615
"(0, 2, 1)","(0, 0, 0, 24)",2448.1030913746886
"(0, 1, 0)","(2, 0, 0, 24)",2448.2653242822203
"(2, 2, 2)","(0, 0, 0, 24)",2448.524148530475
"(2, 2, 1)","(0, 0, 0, 24)",2448.6379613394
"(1, 2, 1)","(0, 0, 0, 24)",2448.688028958449
"(0, 1, 2)","(2, 0, 2, 24)",2448.6947630645095
"(2, 0, 1)","(0, 0, 1, 24)",2448.946283890735
"(0, 1, 2)","(1, 0, 0, 24)",2449.7007156747472
"(0, 1, 1)","(1, 0, 1, 24)",2450.430946830025
"(0, 1, 0)","(2, 0, 1, 24)",2451.3178370001956
"(0, 1, 2)","(0, 0, 2, 24)",2451.364565332193
"(0, 1, 1)","(2, 0, 0, 24)",2451.8127651804807
"(0, 1, 1)","(1, 0, 2, 24)",2452.3402995342926
"(0, 1, 1)","(2, 0, 1, 24)",2452.3459357355882
"(1, 1, 2)","(0, 0, 1, 24)",2453.102229987656
"(0, 1, 1)","(2, 0, 2, 24)",2454.327493722937
"(0, 0, 0)","(2, 0, 1, 24)",2454.4917509893285
"(1, 0, 2)","(0, 0, 1, 24)",2454.7332809733175
"(2, 1, 0)","(0, 0, 1, 24)",2455.97689306717
"(1, 1, 0)","(0, 0, 1, 24)",2455.99602524342
"(0, 1, 1)","(1, 0, 0, 24)",2456.019307332396
"(1, 1, 1)","(0, 0, 1, 24)",2457.080874531458
"(2, 1, 1)","(0, 0, 1, 24)",2457.874437928051
"(0, 1, 2)","(0, 0, 1, 24)",2458.1725707084247
"(0, 1, 0)","(1, 0, 0, 24)",2458.231962367337
"(0, 1, 1)","(0, 0, 2, 24)",2459.718517052011
"(1, 0, 1)","(0, 0, 2, 24)",2464.5871579058135
"(0, 1, 1)","(0, 0, 1, 24)",2466.973786705179
"(2, 0, 2)","(0, 0, 0, 24)",2468.265457171526
"(0, 1, 0)","(1, 0, 2, 24)",2472.6254015318896
"(1, 0, 1)","(0, 0, 1, 24)",2473.587759216621
"(2, 0, 0)","(0, 0, 0, 24)",2473.6214652343524
"(0, 1, 0)","(2, 0, 2, 24)",2474.6200974479734
"(2, 0, 1)","(0, 0, 0, 24)",2475.3795521515726
"(1, 0, 0)","(0, 0, 1, 24)",2476.110753364544
"(0, 1, 2)","(0, 0, 0, 24)",2476.934549673028
"(1, 0, 2)","(0, 0, 0, 24)",2477.234567695263
"(1, 1, 2)","(0, 0, 0, 24)",2479.3455118434767
"(0, 1, 0)","(0, 0, 2, 24)",2481.0903329759067
"(1, 0, 0)","(2, 0, 2, 24)",2481.7685868784934
"(1, 1, 0)","(0, 0, 0, 24)",2485.0198761773704
"(2, 1, 0)","(0, 0, 0, 24)",2485.9282704027705
"(1, 1, 1)","(0, 0, 0, 24)",2487.036471947777
"(0, 1, 0)","(0, 0, 1, 24)",2489.094851800545
"(0, 1, 1)","(0, 0, 0, 24)",2492.1457772588087
"(2, 1, 1)","(0, 0, 0, 24)",2492.7351921363725
"(1, 0, 1)","(0, 0, 0, 24)",2502.4762579457547
"(0, 0, 0)","(1, 0, 1, 24)",2522.070289906555
"(0, 1, 0)","(0, 0, 0, 24)",2522.6743404714553
"(1, 0, 0)","(0, 0, 0, 24)",2549.877085308489
"(0, 0, 1)","(1, 0, 1, 24)",2579.9079453198997
"(0, 0, 1)","(1, 0, 0, 24)",2590.003475617654
"(0, 0, 0)","(1, 0, 2, 24)",2611.583526907418
"(0, 0, 0)","(2, 0, 2, 24)",2728.582265301603
"(0, 0, 0)","(0, 0, 2, 24)",2907.541926484458
"(0, 0, 1)","(0, 0, 0, 24)",2942.1283375416333
"(0, 0, 2)","(1, 0, 0, 24)",2987.810475671467
"(0, 0, 2)","(0, 0, 1, 24)",2988.598353828465
"(0, 0, 2)","(0, 0, 0, 24)",2988.85559671499
"(0, 0, 2)","(1, 0, 1, 24)",2989.365729529939
"(0, 0, 2)","(2, 0, 0, 24)",2989.468306909263
"(0, 0, 2)","(0, 0, 2, 24)",2989.91702370148
"(0, 0, 2)","(1, 0, 2, 24)",2991.3616661350725
"(0, 0, 2)","(2, 0, 1, 24)",2991.361826191648
"(0, 0, 2)","(2, 0, 2, 24)",2993.3624922490494
"(0, 0, 1)","(2, 0, 0, 24)",2997.7595358344333
"(0, 0, 1)","(1, 0, 2, 24)",2999.5878004629417
"(0, 0, 1)","(2, 0, 1, 24)",2999.588663741376
"(0, 0, 1)","(0, 0, 2, 24)",3000.293524027263
"(0, 0, 1)","(0, 0, 1, 24)",3001.216928186663
"(0, 0, 1)","(2, 0, 2, 24)",3001.5871500075496
"(0, 0, 0)","(0, 0, 1, 24)",3045.1172085990106
"(0, 0, 0)","(0, 0, 0, 24)",3098.0114852147913
