年月日,年月日,平均気温(℃),日最高気温35℃以上日数(日),日最低気温25℃以上日数(日),平均湿度(％)
2013/4/1,2013/4/5,14.4,0,0,64
2013/4/6,2013/4/10,12.9,0,0,59
2013/4/11,2013/4/15,11.9,0,0,54
2013/4/16,2013/4/20,15.8,0,0,52
2013/4/21,2013/4/25,13.2,0,0,59
2013/4/26,2013/4/30,14.9,0,0,57
2013/5/1,2013/5/5,14.3,0,0,46
2013/5/6,2013/5/10,17.5,0,0,45
2013/5/11,2013/5/15,20.2,0,0,70
2013/5/16,2013/5/20,19.8,0,0,63
2013/5/21,2013/5/25,23,0,0,51
2013/5/26,2013/5/31,21.4,0,0,73
2013/6/1,2013/6/5,22.3,0,0,65
2013/6/6,2013/6/10,22.5,0,0,64
2013/6/11,2013/6/15,25.8,1,0,72
2013/6/16,2013/6/20,25,0,0,78
2013/6/21,2013/6/25,23,0,0,76
2013/6/26,2013/6/30,22.9,0,0,76
2013/7/1,2013/7/5,24.3,0,0,78
2013/7/6,2013/7/10,30.7,4,5,63
2013/7/11,2013/7/15,29.9,2,2,63
2013/7/16,2013/7/20,27.5,0,1,65
2013/7/21,2013/7/25,28.2,2,2,71
2013/7/26,2013/7/31,27.9,1,0,73
2013/8/1,2013/8/5,28.6,0,2,67
2013/8/6,2013/8/10,30.5,4,3,66
2013/8/11,2013/8/15,30.8,5,5,58
2013/8/16,2013/8/20,29.9,4,5,67
2013/8/21,2013/8/25,29.5,3,3,67
2013/8/26,2013/8/31,26.8,1,1,69
2013/9/1,2013/9/5,25.6,0,0,82
2013/9/6,2013/9/10,25.2,0,0,73
2013/9/11,2013/9/15,27.6,0,1,73
2013/9/16,2013/9/20,23.7,0,0,62
2013/9/21,2013/9/25,25.5,0,0,65
2013/9/26,2013/9/30,22.1,0,0,55
2013/10/1,2013/10/5,24.1,0,0,59
2013/10/6,2013/10/10,24.8,0,0,74
2013/10/11,2013/10/15,21.3,0,0,64
2013/10/16,2013/10/20,17,0,0,68
2013/10/21,2013/10/25,19.2,0,0,82
2013/10/26,2013/10/31,15.8,0,0,66
2013/11/1,2013/11/5,15.9,0,0,67
2013/11/6,2013/11/10,14.5,0,0,73
2013/11/11,2013/11/15,9.6,0,0,67
2013/11/16,2013/11/20,10.4,0,0,62
2013/11/21,2013/11/25,10.4,0,0,68
2013/11/26,2013/11/30,8,0,0,62
2013/12/1,2013/12/5,8.8,0,0,69
2013/12/6,2013/12/10,8.6,0,0,63
2013/12/11,2013/12/15,5.6,0,0,61
2013/12/16,2013/12/20,6.6,0,0,67
2013/12/21,2013/12/25,5.2,0,0,60
2013/12/26,2013/12/31,4.1,0,0,71
2014/1/1,2014/1/5,5.5,0,0,59
2014/1/6,2014/1/10,4.1,0,0,58
2014/1/11,2014/1/15,3.5,0,0,61
2014/1/16,2014/1/20,3.7,0,0,55
2014/1/21,2014/1/25,4.6,0,0,61
2014/1/26,2014/1/31,5.7,0,0,59
2014/2/1,2014/2/5,6.5,0,0,64
2014/2/6,2014/2/10,3,0,0,55
2014/2/11,2014/2/15,3.6,0,0,61
2014/2/16,2014/2/20,4.7,0,0,44
2014/2/21,2014/2/25,5.2,0,0,42
2014/2/26,2014/2/28,11,0,0,68
2014/3/1,2014/3/5,8.7,0,0,66
2014/3/6,2014/3/10,3.9,0,0,53
2014/3/11,2014/3/15,7.5,0,0,53
2014/3/16,2014/3/20,10.4,0,0,66
2014/3/21,2014/3/25,10.2,0,0,48
2014/3/26,2014/3/31,14.1,0,0,67
2014/4/1,2014/4/5,12.9,0,0,60
2014/4/6,2014/4/10,12.6,0,0,49
2014/4/11,2014/4/15,13.9,0,0,37
2014/4/16,2014/4/20,16,0,0,56
2014/4/21,2014/4/25,15.3,0,0,63
2014/4/26,2014/4/30,16.6,0,0,72
2014/5/1,2014/5/5,17.8,0,0,58
2014/5/6,2014/5/10,17.1,0,0,46
2014/5/11,2014/5/15,19.4,0,0,56
2014/5/16,2014/5/20,19.5,0,0,50
2014/5/21,2014/5/25,19.8,0,0,65
2014/5/26,2014/5/31,22.5,0,0,65
2014/6/1,2014/6/5,23.8,0,0,67
2014/6/6,2014/6/10,23.4,0,0,74
2014/6/11,2014/6/15,23.6,0,0,62
2014/6/16,2014/6/20,23.7,0,0,63
2014/6/21,2014/6/25,24.4,0,0,67
2014/6/26,2014/6/30,25,0,0,68
2014/7/1,2014/7/5,24.4,0,0,74
2014/7/6,2014/7/10,25.5,0,0,84
2014/7/11,2014/7/15,27.3,0,0,67
2014/7/16,2014/7/20,28.1,0,3,68
2014/7/21,2014/7/25,29.6,2,3,62
2014/7/26,2014/7/31,28.9,2,3,63
2014/8/1,2014/8/5,28.2,0,4,74
2014/8/6,2014/8/10,26.8,2,1,79
2014/8/11,2014/8/15,27,0,2,80
2014/8/16,2014/8/20,28.8,1,5,76
2014/8/21,2014/8/25,27.2,1,1,78
2014/8/26,2014/8/31,24.9,0,0,77
2014/9/1,2014/9/5,24.3,0,0,82
2014/9/6,2014/9/10,25.2,0,0,70
2014/9/11,2014/9/15,23.3,0,0,60
2014/9/16,2014/9/20,22.1,0,0,53
2014/9/21,2014/9/25,22.4,0,0,67
2014/9/26,2014/9/30,23.2,0,0,59
2014/10/1,2014/10/5,22.6,0,0,68
2014/10/6,2014/10/10,20.8,0,0,67
2014/10/11,2014/10/15,19.4,0,0,67
2014/10/16,2014/10/20,17,0,0,64
2014/10/21,2014/10/25,17.6,0,0,77
2014/10/26,2014/10/31,16.3,0,0,63
2014/11/1,2014/11/5,15.2,0,0,73
2014/11/6,2014/11/10,16.3,0,0,62
2014/11/11,2014/11/15,12.1,0,0,64
2014/11/16,2014/11/20,10,0,0,59
2014/11/21,2014/11/25,12.1,0,0,68
2014/11/26,2014/11/30,13.6,0,0,77
2014/12/1,2014/12/5,7.8,0,0,63
2014/12/6,2014/12/10,5.4,0,0,66
2014/12/11,2014/12/15,5.6,0,0,70
2014/12/16,2014/12/20,2.6,0,0,74
2014/12/21,2014/12/25,5.3,0,0,63
2014/12/26,2014/12/31,5.4,0,0,64
2015/1/1,2015/1/5,3.3,0,0,71
2015/1/6,2015/1/10,4.8,0,0,63
2015/1/11,2015/1/15,5.3,0,0,60
2015/1/16,2015/1/20,4.7,0,0,62
2015/1/21,2015/1/25,6.4,0,0,64
2015/1/26,2015/1/31,5.2,0,0,64
2015/2/1,2015/2/5,4.3,0,0,48
2015/2/6,2015/2/10,3.5,0,0,62
2015/2/11,2015/2/15,4.5,0,0,65
2015/2/16,2015/2/20,6,0,0,61
2015/2/21,2015/2/25,9.2,0,0,65
2015/2/26,2015/2/28,7,0,0,66
2015/3/1,2015/3/5,7.3,0,0,60
2015/3/6,2015/3/10,8.4,0,0,68
2015/3/11,2015/3/15,6,0,0,57
2015/3/16,2015/3/20,14.2,0,0,73
2015/3/21,2015/3/25,9.4,0,0,54
2015/3/26,2015/3/31,12.5,0,0,52
2015/4/1,2015/4/5,14,0,0,85
2015/4/6,2015/4/10,11.4,0,0,75
2015/4/11,2015/4/15,13.6,0,0,78
2015/4/16,2015/4/20,14.8,0,0,63
2015/4/21,2015/4/25,17.9,0,0,52
2015/4/26,2015/4/30,19.7,0,0,61
2015/5/1,2015/5/5,20.1,0,0,65
2015/5/6,2015/5/10,20.1,0,0,54
2015/5/11,2015/5/15,20.3,0,0,58
2015/5/16,2015/5/20,20.9,0,0,65
2015/5/21,2015/5/25,20.7,0,0,53
2015/5/26,2015/5/31,24.9,0,0,51
2015/6/1,2015/6/5,21.4,0,0,63
2015/6/6,2015/6/10,20.8,0,0,70
2015/6/11,2015/6/15,23.5,0,0,70
2015/6/16,2015/6/20,22.6,0,0,75
2015/6/21,2015/6/25,23.5,0,0,73
2015/6/26,2015/6/30,22.1,0,0,73
2015/7/1,2015/7/5,22.4,0,0,85
2015/7/6,2015/7/10,23,0,0,89
2015/7/11,2015/7/15,28,0,2,73
2015/7/16,2015/7/20,27,0,1,82
2015/7/21,2015/7/25,27.5,1,1,76
2015/7/26,2015/7/31,30.4,3,6,63
2015/8/1,2015/8/5,30.9,5,5,65
2015/8/6,2015/8/10,30.2,4,5,65
2015/8/11,2015/8/15,29.1,3,3,63
2015/8/16,2015/8/20,27.2,0,1,75
2015/8/21,2015/8/25,27,0,1,71
2015/8/26,2015/8/31,25.1,0,0,84
2015/9/1,2015/9/5,25.1,0,0,74
2015/9/6,2015/9/10,23.1,0,0,86
2015/9/11,2015/9/15,23.4,0,0,60
2015/9/16,2015/9/20,22,0,0,74
2015/9/21,2015/9/25,22.4,0,0,73
2015/9/26,2015/9/30,22.6,0,0,62
2015/10/1,2015/10/5,19.6,0,0,64
2015/10/6,2015/10/10,19,0,0,58
2015/10/11,2015/10/15,17.6,0,0,64
2015/10/16,2015/10/20,19.8,0,0,64
2015/10/21,2015/10/25,18.8,0,0,59
2015/10/26,2015/10/31,15.8,0,0,58
2015/11/1,2015/11/5,14.3,0,0,69
2015/11/6,2015/11/10,17.1,0,0,80
2015/11/11,2015/11/15,15.1,0,0,71
2015/11/16,2015/11/20,16,0,0,79
2015/11/21,2015/11/25,13.9,0,0,71
2015/11/26,2015/11/30,9.1,0,0,68
2015/12/1,2015/12/5,10.2,0,0,59
2015/12/6,2015/12/10,9.5,0,0,57
2015/12/11,2015/12/15,13.7,0,0,69
2015/12/16,2015/12/20,7.7,0,0,60
2015/12/21,2015/12/25,9.3,0,0,75
2015/12/26,2015/12/31,6.2,0,0,61
2016/1/1,2016/1/5,7.9,0,0,64
2016/1/6,2016/1/10,7.6,0,0,61
2016/1/11,2016/1/15,6.1,0,0,56
2016/1/16,2016/1/20,4.5,0,0,63
2016/1/21,2016/1/25,2,0,0,55
2016/1/26,2016/1/31,6.4,0,0,64
2016/2/1,2016/2/5,5.9,0,0,50
2016/2/6,2016/2/10,4.4,0,0,55
2016/2/11,2016/2/15,9.2,0,0,65
2016/2/16,2016/2/20,5.7,0,0,59
2016/2/21,2016/2/25,6.9,0,0,48
2016/2/26,2016/2/29,6.9,0,0,61
2016/3/1,2016/3/5,7.9,0,0,54
2016/3/6,2016/3/10,13,0,0,72
2016/3/11,2016/3/15,7.4,0,0,54
2016/3/16,2016/3/20,12.2,0,0,60
2016/3/21,2016/3/25,9.8,0,0,44
2016/3/26,2016/3/31,12.3,0,0,46
2016/4/1,2016/4/5,15.4,0,0,67
2016/4/6,2016/4/10,15.2,0,0,60
2016/4/11,2016/4/15,14.3,0,0,55
2016/4/16,2016/4/20,16.3,0,0,51
2016/4/21,2016/4/25,17.8,0,0,70
2016/4/26,2016/4/30,16.3,0,0,65
2016/5/1,2016/5/5,20.1,0,0,51
2016/5/6,2016/5/10,17.6,0,0,72
2016/5/11,2016/5/15,20.3,0,0,64
2016/5/16,2016/5/20,19.7,0,0,62
2016/5/21,2016/5/25,23.3,0,0,55
2016/5/26,2016/5/31,22.1,0,0,73
2016/6/1,2016/6/5,20.6,0,0,55
2016/6/6,2016/6/10,22.5,0,0,71
2016/6/11,2016/6/15,23.5,0,0,73
2016/6/16,2016/6/20,23.9,0,0,72
2016/6/21,2016/6/25,24,0,0,80
2016/6/26,2016/6/30,23.1,0,0,76
2016/7/1,2016/7/5,28.1,0,0,71
2016/7/6,2016/7/10,26.4,0,2,76
2016/7/11,2016/7/15,27.6,1,0,67
2016/7/16,2016/7/20,27.6,0,0,64
2016/7/21,2016/7/25,26.2,0,0,68
2016/7/26,2016/7/31,26.5,1,0,73
2016/8/1,2016/8/5,28.1,1,2,73
2016/8/6,2016/8/10,29.9,2,4,59
2016/8/11,2016/8/15,28.2,0,4,68
2016/8/16,2016/8/20,29.8,2,3,67
2016/8/21,2016/8/25,29.3,2,4,68
2016/8/26,2016/8/31,26.5,0,0,70
2016/9/1,2016/9/5,27.7,0,1,66
2016/9/6,2016/9/10,26.4,0,1,72
2016/9/11,2016/9/15,25.7,0,0,73
2016/9/16,2016/9/20,24.4,0,0,86
2016/9/21,2016/9/25,22.8,0,0,85
2016/9/26,2016/9/30,24.4,0,0,80
2016/10/1,2016/10/5,23.9,0,0,83
2016/10/6,2016/10/10,21.5,0,0,67
2016/10/11,2016/10/15,17.8,0,0,58
2016/10/16,2016/10/20,21.3,0,0,71
2016/10/21,2016/10/25,17.4,0,0,61
2016/10/26,2016/10/31,16.6,0,0,64
2016/11/1,2016/11/5,13.4,0,0,60
2016/11/6,2016/11/10,12.4,0,0,56
2016/11/11,2016/11/15,14.5,0,0,73
2016/11/16,2016/11/20,13,0,0,70
2016/11/21,2016/11/25,12.1,0,0,70
2016/11/26,2016/11/30,10,0,0,65
2016/12/1,2016/12/5,11.4,0,0,67
2016/12/6,2016/12/10,8.5,0,0,59
2016/12/11,2016/12/15,6.5,0,0,59
2016/12/16,2016/12/20,7.2,0,0,63
2016/12/21,2016/12/25,9.5,0,0,68
2016/12/26,2016/12/31,6.3,0,0,61
2017/1/1,2017/1/5,7.3,0,0,59
2017/1/6,2017/1/10,6,0,0,62
2017/1/11,2017/1/15,2.9,0,0,73
2017/1/16,2017/1/20,3.8,0,0,62
2017/1/21,2017/1/25,2.8,0,0,60
2017/1/26,2017/1/31,5.6,0,0,59
2017/2/1,2017/2/5,4.8,0,0,60
2017/2/6,2017/2/10,4.2,0,0,61
2017/2/11,2017/2/15,3.1,0,0,63
2017/2/16,2017/2/20,6.7,0,0,59
2017/2/21,2017/2/25,6.1,0,0,53
2017/2/26,2017/2/28,6.8,0,0,50
2017/3/1,2017/3/5,7.7,0,0,61
2017/3/6,2017/3/10,6.3,0,0,60
2017/3/11,2017/3/15,8.2,0,0,55
2017/3/16,2017/3/20,9.9,0,0,42
2017/3/21,2017/3/25,8.6,0,0,50
2017/3/26,2017/3/31,9.8,0,0,59
2017/4/1,2017/4/5,11.3,0,0,55
2017/4/6,2017/4/10,15.7,0,0,78
2017/4/11,2017/4/15,13.6,0,0,56
2017/4/16,2017/4/20,16.6,0,0,60
2017/4/21,2017/4/25,15.9,0,0,50
2017/4/26,2017/4/30,15.5,0,0,57
2017/5/1,2017/5/5,18.4,0,0,54
2017/5/6,2017/5/10,19.6,0,0,53
2017/5/11,2017/5/15,20,0,0,70
2017/5/16,2017/5/20,20.6,0,0,51
2017/5/21,2017/5/25,22.3,0,0,65
2017/5/26,2017/5/31,21.6,0,0,61
2017/6/1,2017/6/5,20.8,0,0,50
2017/6/6,2017/6/10,21.1,0,0,66
2017/6/11,2017/6/15,21.7,0,0,45
2017/6/16,2017/6/20,23.5,0,0,55
2017/6/21,2017/6/25,23.1,0,0,74
2017/6/26,2017/6/30,24.3,0,0,76
2017/7/1,2017/7/5,27.3,0,0,74
2017/7/6,2017/7/10,27.9,0,1,64
2017/7/11,2017/7/15,28.3,0,1,74
2017/7/16,2017/7/20,28.7,0,4,66
2017/7/21,2017/7/25,28.1,0,4,76
2017/7/26,2017/7/31,28.2,1,5,76
2017/8/1,2017/8/5,28.8,0,3,69
2017/8/6,2017/8/10,28.8,1,4,70
2017/8/11,2017/8/15,27.1,0,2,75
2017/8/16,2017/8/20,27.4,0,1,77
2017/8/21,2017/8/25,29.1,1,3,70
2017/8/26,2017/8/31,27.8,0,2,64
2017/9/1,2017/9/5,25.4,0,0,53
2017/9/6,2017/9/10,25.1,0,0,73
2017/9/11,2017/9/15,24.4,0,0,65
2017/9/16,2017/9/20,22.6,0,0,73
2017/9/21,2017/9/25,22.6,0,0,66
2017/9/26,2017/9/30,21.7,0,0,64
2017/10/1,2017/10/5,20.1,0,0,63
2017/10/6,2017/10/10,20.9,0,0,78
2017/10/11,2017/10/15,20.4,0,0,78
2017/10/16,2017/10/20,15.6,0,0,86
2017/10/21,2017/10/25,16.3,0,0,78
2017/10/26,2017/10/31,14.9,0,0,69
2017/11/1,2017/11/5,14.8,0,0,61
2017/11/6,2017/11/10,14.8,0,0,67
2017/11/11,2017/11/15,12.2,0,0,69
2017/11/16,2017/11/20,8.2,0,0,71
2017/11/21,2017/11/25,8.3,0,0,65
2017/11/26,2017/11/30,10.6,0,0,69
2017/12/1,2017/12/5,8.3,0,0,59
2017/12/6,2017/12/10,5.8,0,0,61
2017/12/11,2017/12/15,4.8,0,0,57
2017/12/16,2017/12/20,4.6,0,0,65
2017/12/21,2017/12/25,6.5,0,0,65
2017/12/26,2017/12/31,4.2,0,0,68
2018/1/1,2018/1/5,4,0,0,66
2018/1/6,2018/1/10,5.1,0,0,65
2018/1/11,2018/1/15,2.5,0,0,57
2018/1/16,2018/1/20,8.1,0,0,67
2018/1/21,2018/1/25,2.5,0,0,63
2018/1/26,2018/1/31,1.3,0,0,65
2018/2/1,2018/2/5,3.9,0,0,64
2018/2/6,2018/2/10,2.1,0,0,53
2018/2/11,2018/2/15,4,0,0,55
2018/2/16,2018/2/20,4.9,0,0,48
2018/2/21,2018/2/25,5.9,0,0,49
2018/2/26,2018/2/28,9.1,0,0,41
2018/3/1,2018/3/5,10.3,0,0,60
2018/3/6,2018/3/10,8.4,0,0,59
2018/3/11,2018/3/15,11.7,0,0,49
2018/3/16,2018/3/20,10.5,0,0,70
2018/3/21,2018/3/25,10.1,0,0,63
2018/3/26,2018/3/31,15.2,0,0,48
2018/4/1,2018/4/5,17.8,0,0,58
2018/4/6,2018/4/10,12,0,0,59
2018/4/11,2018/4/15,15.3,0,0,59
2018/4/16,2018/4/20,15.8,0,0,61
2018/4/21,2018/4/25,19.5,0,0,66
2018/4/26,2018/4/30,18.8,0,0,53
2018/5/1,2018/5/5,18.7,0,0,57
2018/5/6,2018/5/10,17,0,0,71
2018/5/11,2018/5/15,19.3,0,0,63
2018/5/16,2018/5/20,21.5,0,0,65
2018/5/21,2018/5/25,20.5,0,0,58
2018/5/26,2018/5/31,21.4,0,0,70
2018/6/1,2018/6/5,22.8,0,0,62
2018/6/6,2018/6/10,22,0,0,81
2018/6/11,2018/6/15,22.9,0,0,67
2018/6/16,2018/6/20,21.6,0,0,75
2018/6/21,2018/6/25,24,0,0,63
2018/6/26,2018/6/30,26.8,0,1,74
2018/7/1,2018/7/5,26.7,0,2,76
2018/7/6,2018/7/10,26.6,0,0,77
2018/7/11,2018/7/15,30.2,2,4,57
2018/7/16,2018/7/20,31.3,5,5,63
2018/7/21,2018/7/25,31.9,5,5,55
2018/7/26,2018/7/31,29.1,4,6,61
2018/8/1,2018/8/5,32.3,5,5,52
2018/8/6,2018/8/10,31,4,5,55
2018/8/11,2018/8/15,29.2,4,4,70
2018/8/16,2018/8/20,26.2,0,1,56
2018/8/21,2018/8/25,29.2,2,5,69
2018/8/26,2018/8/31,30,5,6,59
2018/9/1,2018/9/5,26,0,0,75
2018/9/6,2018/9/10,25.9,0,0,77
2018/9/11,2018/9/15,22.4,0,0,81
2018/9/16,2018/9/20,24.3,0,0,63
2018/9/21,2018/9/25,22.9,0,0,73
2018/9/26,2018/9/30,20.3,0,0,75
2018/10/1,2018/10/5,21.6,0,0,61
2018/10/6,2018/10/10,23.1,0,0,68
2018/10/11,2018/10/15,18.5,0,0,67
2018/10/16,2018/10/20,17.9,0,0,62
2018/10/21,2018/10/25,17.2,0,0,54
2018/10/26,2018/10/31,15.8,0,0,61
2018/11/1,2018/11/5,14.8,0,0,63
2018/11/6,2018/11/10,17.2,0,0,73
2018/11/11,2018/11/15,14.6,0,0,52
2018/11/16,2018/11/20,13.4,0,0,51
2018/11/21,2018/11/25,10.3,0,0,53
2018/11/26,2018/11/30,12.6,0,0,57
2018/12/1,2018/12/5,13.2,0,0,68
2018/12/6,2018/12/10,8.3,0,0,60
2018/12/11,2018/12/15,6.9,0,0,52
2018/12/16,2018/12/20,7.6,0,0,64
2018/12/21,2018/12/25,8.8,0,0,64
2018/12/26,2018/12/31,4.3,0,0,59
2019/1/1,2019/1/5,5.5,0,0,56
2019/1/6,2019/1/10,4.5,0,0,50
2019/1/11,2019/1/15,5.7,0,0,52
2019/1/16,2019/1/20,5.7,0,0,59
2019/1/21,2019/1/25,5.2,0,0,52
2019/1/26,2019/1/31,4,0,0,55
2019/2/1,2019/2/5,6.3,0,0,54
2019/2/6,2019/2/10,6.1,0,0,52
2019/2/11,2019/2/15,5,0,0,48
2019/2/16,2019/2/20,7.7,0,0,56
2019/2/21,2019/2/25,9.4,0,0,44
2019/2/26,2019/2/28,9.4,0,0,52
2019/3/1,2019/3/5,10.4,0,0,51
2019/3/6,2019/3/10,9.6,0,0,59
2019/3/11,2019/3/15,8.5,0,0,62
2019/3/16,2019/3/20,9.6,0,0,50
2019/3/21,2019/3/25,10.5,0,0,49
2019/3/26,2019/3/31,11.9,0,0,48
2019/4/1,2019/4/5,9.1,0,0,45
2019/4/6,2019/4/10,13.5,0,0,46
2019/4/11,2019/4/15,12.7,0,0,45
2019/4/16,2019/4/20,15.1,0,0,57
2019/4/21,2019/4/25,19.5,0,0,67
2019/4/26,2019/4/30,14.9,0,0,61
2019/5/1,2019/5/5,18.9,0,0,52
2019/5/6,2019/5/10,17.4,0,0,43
2019/5/11,2019/5/15,20.5,0,0,60
2019/5/16,2019/5/20,20.8,0,0,55
2019/5/21,2019/5/25,22.5,0,0,36
2019/5/26,2019/5/31,22.1,0,0,53
2019/6/1,2019/6/5,22.9,0,0,59
2019/6/6,2019/6/10,21.3,0,0,76
2019/6/11,2019/6/15,21.3,0,0,76
2019/6/16,2019/6/20,23,0,0,63
2019/6/21,2019/6/25,24.8,0,0,63
2019/6/26,2019/6/30,25.2,0,0,84
2019/7/1,2019/7/5,24.8,0,0,83
2019/7/6,2019/7/10,24.5,0,0,74
2019/7/11,2019/7/15,23.5,0,0,86
2019/7/16,2019/7/20,25.2,0,0,88
2019/7/21,2019/7/25,27.5,0,2,79
2019/7/26,2019/7/31,29.1,3,3,76
2019/8/1,2019/8/5,30.6,3,5,69
2019/8/6,2019/8/10,30.4,4,5,69
2019/8/11,2019/8/15,30.4,3,5,71
2019/8/16,2019/8/20,29.3,2,5,75
2019/8/21,2019/8/25,27.5,1,2,74
2019/8/26,2019/8/31,26.1,0,0,80
2019/9/1,2019/9/5,27.3,0,1,78
2019/9/6,2019/9/10,30,3,3,67
2019/9/11,2019/9/15,27.1,1,1,66
2019/9/16,2019/9/20,25.8,0,1,61
2019/9/21,2019/9/25,24.1,0,0,73
2019/9/26,2019/9/30,25.9,0,0,67
2019/10/1,2019/10/5,24.5,0,0,72
2019/10/6,2019/10/10,21.3,0,0,64
2019/10/11,2019/10/15,21.4,0,0,72
2019/10/16,2019/10/20,18.9,0,0,77
2019/10/21,2019/10/25,18.9,0,0,83
2019/10/26,2019/10/31,17.3,0,0,75
2019/11/1,2019/11/5,15.6,0,0,62
2019/11/6,2019/11/10,14.3,0,0,55
2019/11/11,2019/11/15,13.5,0,0,68
2019/11/16,2019/11/20,13.3,0,0,64
2019/11/21,2019/11/25,13.5,0,0,74
2019/11/26,2019/11/30,10.1,0,0,62
2019/12/1,2019/12/5,9.2,0,0,73
2019/12/6,2019/12/10,8.5,0,0,64
2019/12/11,2019/12/15,8.6,0,0,64
2019/12/16,2019/12/20,10.5,0,0,74
2019/12/21,2019/12/25,8.3,0,0,68
2019/12/26,2019/12/31,7.7,0,0,69
2020/1/1,2020/1/5,6.9,0,0,67
2020/1/6,2020/1/10,8.2,0,0,68
2020/1/11,2020/1/15,6.9,0,0,68
2020/1/16,2020/1/20,6.7,0,0,61
2020/1/21,2020/1/25,8,0,0,67
2020/1/26,2020/1/31,8.7,0,0,71
2020/2/1,2020/2/5,6.4,0,0,57
2020/2/6,2020/2/10,3.5,0,0,53
2020/2/11,2020/2/15,9,0,0,73
2020/2/16,2020/2/20,7.2,0,0,68
2020/2/21,2020/2/25,8.6,0,0,67
2020/2/26,2020/2/29,8.1,0,0,59
2020/3/1,2020/3/5,10,0,0,66
2020/3/6,2020/3/10,10.2,0,0,71
2020/3/11,2020/3/15,10,0,0,58
2020/3/16,2020/3/20,9.9,0,0,58
2020/3/21,2020/3/25,11.4,0,0,46
2020/3/26,2020/3/31,12.1,0,0,77
2020/4/1,2020/4/5,12.4,0,0,60
2020/4/6,2020/4/10,12.8,0,0,41
2020/4/11,2020/4/15,11.9,0,0,58
2020/4/16,2020/4/20,15.1,0,0,70
2020/4/21,2020/4/25,11.8,0,0,63
2020/4/26,2020/4/30,16.3,0,0,48
2020/5/1,2020/5/5,21.1,0,0,65
2020/5/6,2020/5/10,18,0,0,71
2020/5/11,2020/5/15,21,0,0,51
2020/5/16,2020/5/20,19.9,0,0,77
2020/5/21,2020/5/25,21.2,0,0,68
2020/5/26,2020/5/31,21.9,0,0,60
2020/6/1,2020/6/5,24.4,0,0,66
2020/6/6,2020/6/10,24.9,0,0,65
2020/6/11,2020/6/15,24.8,0,0,88
2020/6/16,2020/6/20,22.6,0,0,73
2020/6/21,2020/6/25,25.1,0,0,71
2020/6/26,2020/6/30,25.9,0,0,73
2020/7/1,2020/7/5,24.2,0,0,82
2020/7/6,2020/7/10,24.7,0,0,94
2020/7/11,2020/7/15,24,0,1,86
2020/7/16,2020/7/20,26.1,0,1,79
2020/7/21,2020/7/25,26.7,0,0,79
2020/7/26,2020/7/31,26.5,0,2,85
2020/8/1,2020/8/5,28.8,1,4,72
2020/8/6,2020/8/10,29.4,2,3,72
2020/8/11,2020/8/15,31.6,4,5,65
2020/8/16,2020/8/20,31.7,5,5,62
2020/8/21,2020/8/25,29.8,5,4,66
2020/8/26,2020/8/31,30.7,5,6,69
2020/9/1,2020/9/5,28.2,2,3,79
2020/9/6,2020/9/10,27,0,2,80
2020/9/11,2020/9/15,25.7,0,0,77
2020/9/16,2020/9/20,25.1,0,0,72
2020/9/21,2020/9/25,23.7,0,0,71
2020/9/26,2020/9/30,22.8,0,0,67
2020/10/1,2020/10/5,22.5,0,0,70
2020/10/6,2020/10/10,17.8,0,0,83
2020/10/11,2020/10/15,21.7,0,0,64
2020/10/16,2020/10/20,15,0,0,75
2020/10/21,2020/10/25,16.3,0,0,70
2020/10/26,2020/10/31,15,0,0,58
2020/11/1,2020/11/5,13.4,0,0,70
2020/11/6,2020/11/10,13.4,0,0,70
2020/11/11,2020/11/15,13.5,0,0,62
2020/11/16,2020/11/20,18.1,0,0,75
2020/11/21,2020/11/25,13.7,0,0,60
2020/11/26,2020/11/30,11.9,0,0,61
2020/12/1,2020/12/5,10.5,0,0,61
2020/12/6,2020/12/10,10.2,0,0,64
2020/12/11,2020/12/15,8.3,0,0,71
2020/12/16,2020/12/20,3.8,0,0,77
2020/12/21,2020/12/25,5.6,0,0,74
2020/12/26,2020/12/31,6.3,0,0,75
2021/1/1,2021/1/5,4.3,0,0,72
2021/1/6,2021/1/10,2.3,0,0,52
2021/1/11,2021/1/15,4.4,0,0,75
2021/1/16,2021/1/20,4.4,0,0,65
2021/1/21,2021/1/25,7.7,0,0,79
2021/1/26,2021/1/31,6.5,0,0,71
2021/2/1,2021/2/5,5.2,0,0,70
2021/2/6,2021/2/10,6.8,0,0,61
2021/2/11,2021/2/15,11.4,0,0,64
2021/2/16,2021/2/20,4.4,0,0,65
2021/2/21,2021/2/25,9.3,0,0,49
2021/2/26,2021/2/28,8.4,0,0,45
2021/3/1,2021/3/5,10.5,0,0,68
2021/3/6,2021/3/10,10.1,0,0,66
2021/3/11,2021/3/15,10.5,0,0,66
2021/3/16,2021/3/20,12.4,0,0,59
2021/3/21,2021/3/25,12.3,0,0,67
2021/3/26,2021/3/31,15.6,0,0,62
2021/4/1,2021/4/5,16.6,0,0,66
2021/4/6,2021/4/10,13,0,0,48
2021/4/11,2021/4/15,14.4,0,0,62
2021/4/16,2021/4/20,13.7,0,0,66
2021/4/21,2021/4/25,17.8,0,0,47
2021/4/26,2021/4/30,15.5,0,0,66
2021/5/1,2021/5/5,15.9,0,0,68
2021/5/6,2021/5/10,18.5,0,0,60
2021/5/11,2021/5/15,20.6,0,0,65
2021/5/16,2021/5/20,20.6,0,0,92
2021/5/21,2021/5/25,20.9,0,0,70
2021/5/26,2021/5/31,20.1,0,0,63
2021/6/1,2021/6/5,21.8,0,0,70
2021/6/6,2021/6/10,24.8,0,0,57
2021/6/11,2021/6/15,23.8,0,0,72
2021/6/16,2021/6/20,22,0,0,81
2021/6/21,2021/6/25,23.7,0,0,71
2021/6/26,2021/6/30,24.5,0,0,77
2021/7/1,2021/7/5,25.4,0,1,88
2021/7/6,2021/7/10,26,0,0,90
2021/7/11,2021/7/15,26.5,0,1,76
2021/7/16,2021/7/20,28.5,0,2,71
2021/7/21,2021/7/25,28.8,0,3,69
2021/7/26,2021/7/31,29.1,2,5,68
2021/8/1,2021/8/5,29.2,1,5,74
2021/8/6,2021/8/10,29.9,2,4,67
2021/8/11,2021/8/15,25.6,0,0,88
2021/8/16,2021/8/20,24.3,0,0,93
2021/8/21,2021/8/25,27.2,0,1,81
2021/8/26,2021/8/31,30.1,3,5,59
2021/9/1,2021/9/5,25.2,0,0,84
2021/9/6,2021/9/10,24.1,0,0,75
2021/9/11,2021/9/15,24.3,0,0,77
2021/9/16,2021/9/20,24.4,0,0,79
2021/9/21,2021/9/25,24,0,0,75
2021/9/26,2021/9/30,22.7,0,0,76
2021/10/1,2021/10/5,24.3,0,0,64
2021/10/6,2021/10/10,24.6,0,0,71
2021/10/11,2021/10/15,23.3,0,0,74
2021/10/16,2021/10/20,17.3,0,0,65
2021/10/21,2021/10/25,14.5,0,0,63
2021/10/26,2021/10/31,16.3,0,0,64
2021/11/1,2021/11/5,16.3,0,0,59
2021/11/6,2021/11/10,15.6,0,0,68
2021/11/11,2021/11/15,12.2,0,0,69
2021/11/16,2021/11/20,13.1,0,0,64
2021/11/21,2021/11/25,11.7,0,0,67
2021/11/26,2021/11/30,9,0,0,65
2021/12/1,2021/12/5,8.2,0,0,67
2021/12/6,2021/12/10,10.8,0,0,80
2021/12/11,2021/12/15,9,0,0,67
2021/12/16,2021/12/20,6.1,0,0,76
2021/12/21,2021/12/25,7.9,0,0,68
2021/12/26,2021/12/31,2.9,0,0,76
2022/1/1,2022/1/5,3.2,0,0,66
2022/1/6,2022/1/10,4.9,0,0,59
2022/1/11,2022/1/15,3.4,0,0,73
2022/1/16,2022/1/20,3.4,0,0,71
2022/1/21,2022/1/25,3.7,0,0,63
2022/1/26,2022/1/31,5.8,0,0,57
2022/2/1,2022/2/5,4.1,0,0,69
2022/2/6,2022/2/10,3.7,0,0,73
2022/2/11,2022/2/15,6.2,0,0,65
2022/2/16,2022/2/20,3.6,0,0,69
2022/2/21,2022/2/25,2.8,0,0,67
2022/2/26,2022/2/28,7.8,0,0,52
2022/3/1,2022/3/5,7.9,0,0,60
2022/3/6,2022/3/10,6.8,0,0,54
2022/3/11,2022/3/15,14.7,0,0,60
2022/3/16,2022/3/20,11.7,0,0,59
2022/3/21,2022/3/25,9.7,0,0,61
2022/3/26,2022/3/31,14.3,0,0,64
2022/4/1,2022/4/5,11.7,0,0,59
2022/4/6,2022/4/10,17.2,0,0,47
2022/4/11,2022/4/15,19.8,0,0,72
2022/4/16,2022/4/20,14.8,0,0,68
2022/4/21,2022/4/25,18.7,0,0,76
2022/4/26,2022/4/30,18.3,0,0,74
2022/5/1,2022/5/5,16.1,0,0,55
2022/5/6,2022/5/10,18.1,0,0,64
2022/5/11,2022/5/15,18.9,0,0,74
2022/5/16,2022/5/20,19.4,0,0,61
2022/5/21,2022/5/25,21.5,0,0,65
2022/5/26,2022/5/31,22.4,0,0,62
2022/6/1,2022/6/5,22.6,0,0,61
2022/6/6,2022/6/10,21.3,0,0,72
2022/6/11,2022/6/15,20.8,0,0,78
2022/6/16,2022/6/20,24.4,0,0,78
2022/6/21,2022/6/25,26.2,0,2,82
2022/6/26,2022/6/30,30.5,4,3,60
2022/7/1,2022/7/5,27.5,1,2,79
2022/7/6,2022/7/10,26.7,1,0,82
2022/7/11,2022/7/15,26.4,0,0,84
2022/7/16,2022/7/20,26.6,0,0,80
2022/7/21,2022/7/25,28.1,1,1,68
2022/7/26,2022/7/31,29.4,1,5,74
2022/8/1,2022/8/5,29.9,3,3,70
2022/8/6,2022/8/10,29.2,2,3,76
2022/8/11,2022/8/15,28.8,1,4,77
2022/8/16,2022/8/20,27.7,1,2,76
2022/8/21,2022/8/25,28.4,1,4,81
2022/8/26,2022/8/31,27.2,0,2,77
2022/9/1,2022/9/5,27.4,0,1,81
2022/9/6,2022/9/10,27.2,0,0,80
2022/9/11,2022/9/15,28.5,0,3,68
2022/9/16,2022/9/20,26.5,0,0,72
2022/9/21,2022/9/25,22.6,0,0,76
2022/9/26,2022/9/30,24.3,0,0,74
2022/10/1,2022/10/5,24,0,0,67
2022/10/6,2022/10/10,17.6,0,0,79
2022/10/11,2022/10/15,20,0,0,66
2022/10/16,2022/10/20,18.7,0,0,64
2022/10/21,2022/10/25,17.3,0,0,61
2022/10/26,2022/10/31,15,0,0,58
2022/11/1,2022/11/5,15.7,0,0,73
2022/11/6,2022/11/10,14,0,0,60
2022/11/11,2022/11/15,15.5,0,0,67
2022/11/16,2022/11/20,13.1,0,0,64
2022/11/21,2022/11/25,14.5,0,0,74
2022/11/26,2022/11/30,15.1,0,0,77
2022/12/1,2022/12/5,8.8,0,0,66
2022/12/6,2022/12/10,9.2,0,0,66
2022/12/11,2022/12/15,8.3,0,0,64
2022/12/16,2022/12/20,4,0,0,68
2022/12/21,2022/12/25,3.9,0,0,73
2022/12/26,2022/12/31,5.5,0,0,72
2023/1/1,2023/1/5,5.2,0,0,71
2023/1/6,2023/1/10,6.2,0,0,68
2023/1/11,2023/1/15,8.2,0,0,70
2023/1/16,2023/1/20,6.5,0,0,65
2023/1/21,2023/1/25,3.4,0,0,61
2023/1/26,2023/1/31,2.1,0,0,69
2023/2/1,2023/2/5,5,0,0,60
2023/2/6,2023/2/10,7.6,0,0,58
2023/2/11,2023/2/15,7.9,0,0,62
2023/2/16,2023/2/20,6.5,0,0,68
2023/2/21,2023/2/25,5.3,0,0,61
2023/2/26,2023/2/28,7.2,0,0,51
2023/3/1,2023/3/5,9,0,0,57
2023/3/6,2023/3/10,13.2,0,0,52
2023/3/11,2023/3/15,12.8,0,0,56
2023/3/16,2023/3/20,12.5,0,0,62
2023/3/21,2023/3/25,15.6,0,0,81
2023/3/26,2023/3/31,13,0,0,57
2023/4/1,2023/4/5,16.5,0,0,59
2023/4/6,2023/4/10,14.1,0,0,68
2023/4/11,2023/4/15,15.6,0,0,65
2023/4/16,2023/4/20,16.3,0,0,67
2023/4/21,2023/4/25,15.9,0,0,43
2023/4/26,2023/4/30,16.7,0,0,71
2023/5/1,2023/5/5,18.5,0,0,56
2023/5/6,2023/5/10,19.3,0,0,66
2023/5/11,2023/5/15,18.1,0,0,65
2023/5/16,2023/5/20,22.5,0,0,64
2023/5/21,2023/5/25,21.1,0,0,59
2023/5/26,2023/5/31,21.3,0,0,75
2023/6/1,2023/6/5,22.1,0,0,67
2023/6/6,2023/6/10,22.1,0,0,76
2023/6/11,2023/6/15,23.4,0,0,86
2023/6/16,2023/6/20,25.2,0,0,61
2023/6/21,2023/6/25,23.4,0,0,73
2023/6/26,2023/6/30,26.4,0,0,80
